"Player","Rk","Age","Pos","Tm","GP","G","A","PTS","plusminus","PIM","PS","EV","PP","SH","GW","EV.1","PP.1","SH.1","S","S_percent","TOI","ATOI","BLK","HIT","FOW","FOL","FO_percent","HART","Votes","Season","Available","Source_Team","CAP","Rk_lag1","Age_lag1","Pos_lag1","Tm_lag1","GP_lag1","G_lag1","A_lag1","PTS_lag1","plusminus_lag1","PIM_lag1","PS_lag1","EV_lag1","PP_lag1","SH_lag1","GW_lag1","EV.1_lag1","PP.1_lag1","SH.1_lag1","S_lag1","S_percent_lag1","TOI_lag1","ATOI_lag1","BLK_lag1","HIT_lag1","FOW_lag1","FOL_lag1","FO_percent_lag1","HART_lag1","Votes_lag1","Season_lag1","Available_lag1","Source_Team_lag1","CAP_lag1","Rk_lag2","Age_lag2","Pos_lag2","Tm_lag2","GP_lag2","G_lag2","A_lag2","PTS_lag2","plusminus_lag2","PIM_lag2","PS_lag2","EV_lag2","PP_lag2","SH_lag2","GW_lag2","EV.1_lag2","PP.1_lag2","SH.1_lag2","S_lag2","S_percent_lag2","TOI_lag2","ATOI_lag2","BLK_lag2","HIT_lag2","FOW_lag2","FOL_lag2","FO_percent_lag2","HART_lag2","Votes_lag2","Season_lag2","Available_lag2","Source_Team_lag2","CAP_lag2","A_diff","G_diff","pm_diff","pm_upside_flag","pm_upside_amt","pt_upside_flag","pt_upside_amt","upside","P_Upside"
"Adam Clendening",499,24,"D","NYR",31,2,9,11,3,17,1.9,1,1,0,0,8,1,0,38,5.3,490,15.81666667,27,22,0,0,0,0,0,2017,1,"New York Rangers","RFA",563,23,"D","TOT",29,1,6,7,6,20,1.8,1,0,0,0,6,0,0,43,2.3,429,14.8,34,19,0,0,0,0,0,2016,1,"New York Rangers","RFA",637,22,"D","TOT",21,1,3,4,2,10,1,0,1,0,0,1,2,0,17,5.9,349,16.63333333,22,9,0,0,0,0,0,2015,1,"New York Rangers","RFA",3,0,4,0,-3,1,4,"0",0.100558659217877
"Adam Cracknell",402,31,"RW","DAL",69,10,6,16,9,12,1.9,9,0,1,2,6,0,0,87,11.5,722,10.46666667,37,91,135,160,45.8,0,0,2017,1,"Dallas Stars","675000",496,30,"RW","TOT",52,5,5,10,-1,20,0.7,5,0,0,1,5,0,0,68,7.4,636,12.23333333,25,124,156,239,39.5,0,0,2016,1,"Dallas Stars","675000",746,29,"RW","CBJ",17,0,1,1,-8,2,-0.5,0,0,0,0,1,0,0,17,0,169,9.95,6,43,20,38,34.5,0,0,2015,1,"Dallas Stars","675000",4,5,7,1,10,1,6,"1",0.455026455026455
"Adam McQuaid",519,30,"D","BOS",77,2,8,10,4,71,3.3,2,0,0,1,7,0,1,64,3.1,1405,18.25,144,157,0,0,0,0,0,2017,1,"Boston Bruins","2750000",533,29,"D","BOS",64,1,8,9,6,89,2.3,1,0,0,0,8,0,0,42,2.4,1155,18.03333333,121,142,0,0,0,0,0,2016,1,"Boston Bruins","2750000",589,28,"D","BOS",63,1,6,7,-2,85,1.8,1,0,0,0,6,0,0,60,1.7,1161,18.43333333,91,141,0,1,0,0,0,2015,1,"Boston Bruins","2750000",2,0,8,0,-2,0,1,"0",0.0638297872340425
"Alex Biega",681,28,"D","VAN",36,0,3,3,-4,18,0.7,0,0,0,0,3,0,0,37,0,474,13.16666667,24,97,0,0,0,0,0,2017,1,"Vancouver Canucks","750000",571,27,"D","VAN",51,0,7,7,-11,22,0.9,0,0,0,0,7,0,0,61,0,855,16.76666667,41,124,0,0,0,0,0,2016,1,"Vancouver Canucks","750000",712,26,"D","VAN",7,1,0,1,-2,0,0.1,1,0,0,1,0,0,0,7,14.3,111,15.8,8,34,0,0,0,0,0,2015,1,"Vancouver Canucks","750000",7,-1,-9,1,7,0,-4,"1",0.977142857142857
"Alex Chiasson",301,26,"RW","CGY",81,12,12,24,-6,46,1.9,11,0,1,1,10,2,0,104,11.5,1084,13.38333333,18,74,7,22,24.1,0,0,2017,1,"Calgary Flames","RFA",420,25,"RW","OTT",77,8,6,14,2,45,0.6,5,2,1,1,6,0,0,88,9.1,1050,13.63333333,28,103,3,2,60,0,0,2016,1,"Calgary Flames","RFA",282,24,"RW","OTT",76,11,15,26,-5,67,2.1,8,3,0,1,11,3,1,105,10.5,1017,13.38333333,20,93,3,18,14.3,0,0,2015,1,"Calgary Flames","RFA",-9,-3,7,0,-8,1,10,"0",0.309782608695652
"Alexandre Burrows",237,35,"LW","TOT",75,15,16,31,3,62,3.6,14,1,0,2,15,0,1,143,10.5,1099,14.65,34,68,5,9,35.7,0,0,2017,1,"Ottawa Senators","2500000",312,34,"RW","VAN",79,9,13,22,-13,49,1.1,7,2,0,0,9,4,0,135,6.7,1198,15.16666667,33,81,10,12,45.5,0,0,2016,1,"Ottawa Senators","2500000",214,33,"RW","VAN",70,18,15,33,0,68,3.9,13,4,1,3,11,4,0,145,12.4,1083,15.48333333,33,73,6,8,42.9,0,0,2015,1,"Ottawa Senators","2500000",-2,-9,-13,1,16,1,9,"1",0.954802259887006
"Alexei Emelin",517,30,"D","MTL",76,2,8,10,1,71,3,2,0,0,0,8,0,0,82,2.4,1620,21.31666667,127,241,0,0,0,0,0,2017,1,"Montreal Canadiens","4100000",471,29,"D","MTL",72,0,12,12,-7,71,2.1,0,0,0,0,12,0,0,71,0,1476,20.5,113,256,0,0,0,0,0,2016,1,"Montreal Canadiens","4100000",448,28,"D","MTL",68,3,11,14,5,59,3.7,3,0,0,0,11,0,0,43,7,1348,19.81666667,116,204,0,0,0,0,0,2015,1,"Montreal Canadiens","4100000",1,-3,-12,1,8,0,-2,"1",0.918918918918919
"Alexey Marchenko",558,25,"D","TOT",41,1,7,8,7,12,2.3,1,0,0,0,6,0,1,36,2.8,695,16.95,59,22,0,0,0,0,0,2017,1,"Toronto Maple Leafs","1450000",488,24,"D","DET",66,2,9,11,-5,10,2.3,2,0,0,0,8,0,1,40,5,1111,16.83333333,100,47,0,0,0,0,0,2016,1,"Toronto Maple Leafs","1450000",688,23,"D","DET",13,1,1,2,1,2,0.6,1,0,0,0,1,0,0,7,14.3,201,15.43333333,10,9,0,0,0,0,0,2015,1,"Toronto Maple Leafs","1450000",8,1,-6,1,12,1,-3,"1",0.647727272727273
"Andrei Markov",200,38,"D","MTL",62,6,30,36,18,16,7.5,5,1,0,1,18,11,1,98,6.1,1354,21.83333333,73,39,0,0,0,0,0,2017,1,"Montreal Canadiens","UFC",130,37,"D","MTL",82,5,39,44,-6,38,6.7,1,4,0,0,26,13,0,117,4.3,1955,23.83333333,142,57,0,0,0,0,0,2016,1,"Montreal Canadiens","UFC",89,36,"D","MTL",81,10,40,50,22,38,10.7,6,4,0,1,18,21,1,135,7.4,2018,0.916666667,173,53,0,0,0,0,0,2015,1,"Montreal Canadiens","UFC",-1,-5,-28,1,24,1,-8,"1",0.491891891891892
"Andrej Nestrasil",626,25,"C","CAR",19,1,4,5,-3,2,0.2,1,0,0,0,4,0,0,27,3.7,207,10.9,6,10,3,7,30,0,0,2017,1,"Carolina Hurricanes","RFA",303,24,"C","CAR",55,9,14,23,4,8,2.7,7,2,0,1,14,0,0,105,8.6,789,14.35,13,27,8,17,32,0,0,2016,1,"Carolina Hurricanes","RFA",357,23,"C","TOT",54,7,13,20,-1,8,2,5,2,0,0,10,3,0,82,8.5,721,13.35,17,54,55,39,58.5,0,0,2015,1,"Carolina Hurricanes","RFA",1,2,5,0,-7,0,-18,"0",0.252808988764045
"Andrej Sustr",442,26,"D","TBL",80,3,11,14,-10,43,2.5,3,0,0,1,11,0,0,93,3.2,1407,17.58333333,102,45,0,1,0,0,0,2017,1,"Tampa Bay Lightning","RFA",330,25,"D","TBL",77,4,17,21,-2,30,4,4,0,0,1,17,0,0,65,6.2,1296,16.83333333,66,29,0,0,0,0,0,2016,1,"Tampa Bay Lightning","RFA",479,24,"D","TBL",72,0,13,13,10,34,2.8,0,0,0,0,12,1,0,55,0,1275,17.7,84,39,0,0,0,0,0,2015,1,"Tampa Bay Lightning","RFA",4,4,-12,0,-8,0,-7,"0",0.44
"Andrew MacDonald",376,30,"D","PHI",73,2,16,18,-5,26,3.7,2,0,0,0,15,0,1,65,3.1,1468,20.1,151,39,0,0,0,0,0,2017,1,"Philadelphia Flyers","5000000",545,29,"D","PHI",28,1,7,8,10,6,2.4,1,0,0,0,5,2,0,20,5,563,20.11666667,72,14,0,0,0,0,0,2016,1,"Philadelphia Flyers","5000000",498,28,"D","PHI",58,2,10,12,-5,41,2,1,1,0,0,6,4,0,62,3.2,1161,20.01666667,86,35,0,0,0,0,0,2015,1,"Philadelphia Flyers","5000000",-3,-1,15,0,-15,0,10,"0",0.126903553299492
"Andy Andreoff",706,25,"LW","LAK",36,0,2,2,-2,70,-0.4,0,0,0,0,2,0,0,38,0,381,10.6,7,70,41,28,59.4,0,0,2017,1,"Los Angeles Kings","RFA",492,24,"LW","LAK",60,8,2,10,1,76,1.2,8,0,0,1,2,0,0,46,17.4,528,8.8,11,82,134,134,50,0,0,2016,1,"Los Angeles Kings","RFA",653,23,"C","LAK",18,2,1,3,1,18,0.4,2,0,0,1,1,0,0,14,14.3,154,8.566666667,0,33,32,29,52.5,0,0,2015,1,"Los Angeles Kings","RFA",1,6,0,0,-3,0,-8,"0",0.226519337016575
"Anthony Bitetto",590,26,"D","NSH",29,0,7,7,-1,25,0.9,0,0,0,0,7,0,0,17,0,342,11.8,24,43,0,0,0,0,0,2017,1,"Nashville Predators","612500",591,25,"D","NSH",28,1,5,6,0,19,1.1,1,0,0,0,5,0,0,19,5.3,340,12.13333333,41,62,0,0,0,0,0,2016,1,"Nashville Predators","612500",786,24,"D","NSH",7,0,0,0,-1,7,0,0,0,0,0,0,0,0,2,0,82,11.78333333,3,9,1,0,100,0,0,2015,1,"Nashville Predators","612500",5,1,1,0,-1,1,1,"0",0.32
"Barclay Goodrow",751,23,"RW","SJS",3,0,1,1,0,0,0.1,0,0,0,0,1,0,0,3,0,34,11.3,1,3,0,0,0,0,0,2017,1,"San Jose Sharks","RFA",678,22,"RW","SJS",14,0,3,3,1,16,0.2,0,0,0,0,2,0,1,7,0,144,10.26666667,4,8,4,2,66.7,0,0,2016,1,"San Jose Sharks","RFA",491,21,"RW","SJS",60,4,8,12,-1,35,0.6,4,0,0,2,7,0,1,68,5.9,664,11.06666667,24,76,12,11,52.2,0,0,2015,1,"San Jose Sharks","RFA",-5,-4,2,0,-1,1,-2,"0",0.263473053892216
"Beau Bennett",355,25,"RW","NJD",65,8,11,19,-3,20,1.7,7,1,0,1,10,1,0,101,7.9,881,13.55,13,76,3,13,18.8,0,0,2017,1,"New Jersey Devils","RFA",454,24,"RW","PIT",33,6,6,12,-1,10,1.3,5,1,0,0,4,2,0,52,11.5,393,11.9,6,65,2,4,33.3,0,0,2016,1,"New Jersey Devils","RFA",489,23,"RW","PIT",49,4,8,12,-1,16,0.8,4,0,0,1,8,0,0,81,4.9,612,12.48333333,13,68,0,2,0,0,0,2015,1,"New Jersey Devils","RFA",-2,2,0,0,-2,0,7,"0",0.401273885350318
"Ben Chiarot",486,25,"D","WPG",59,2,10,12,2,33,1.9,2,0,0,0,10,0,0,49,4.1,904,15.31666667,94,78,0,0,0,0,0,2017,1,"Winnipeg Jets","RFA",511,24,"D","WPG",70,1,9,10,-9,43,1.1,1,0,0,0,9,0,0,74,1.4,1012,14.45,105,130,0,0,0,0,0,2016,1,"Winnipeg Jets","RFA",561,23,"D","WPG",40,2,6,8,5,22,2.1,2,0,0,0,6,0,0,37,5.4,681,17.01666667,52,71,0,0,0,0,0,2015,1,"Winnipeg Jets","RFA",3,-1,-14,1,11,1,2,"1",0.963541666666667
"Ben Lovejoy",585,32,"D","NJD",82,1,6,7,-7,39,2.5,1,0,0,1,6,0,0,84,1.2,1703,20.76666667,149,82,0,0,0,0,0,2017,1,"New Jersey Devils","2666667",504,31,"D","PIT",66,4,6,10,9,30,3.1,4,0,0,0,5,0,1,90,4.4,1245,18.86666667,104,154,0,0,0,0,0,2016,1,"New Jersey Devils","2666667",453,30,"D","TOT",60,2,12,14,-4,25,2.2,2,0,0,0,10,0,2,86,2.3,1166,19.43333333,105,170,0,0,0,0,0,2015,1,"New Jersey Devils","2666667",-6,2,13,0,-16,0,-3,"0",0.111111111111111
"Ben Smith",643,28,"RW","TOT",40,2,2,4,-7,4,-0.4,2,0,0,0,2,0,0,30,6.7,459,11.46666667,41,29,241,227,51.5,0,0,2017,1,"Toronto Maple Leafs","650000",589,27,"RW","TOT",22,2,4,6,2,0,0.5,2,0,0,1,4,0,0,17,11.8,266,12.1,16,18,100,85,54.1,0,0,2016,1,"Toronto Maple Leafs","650000",435,26,"RW","TOT",80,7,7,14,2,2,0.7,7,0,0,1,7,0,0,92,7.6,1044,13.05,75,72,310,284,52.2,0,0,2015,1,"Toronto Maple Leafs","650000",-3,-5,0,0,-9,0,-2,"0",0.243093922651934
"Benoit Pouliot",430,30,"LW","EDM",67,8,6,14,-5,34,0.6,8,0,0,1,6,0,0,77,10.4,942,14.05,39,39,7,21,25,0,0,2017,1,"Edmonton Oilers","4000000",200,29,"LW","EDM",55,14,22,36,-6,30,4,8,5,1,0,18,4,0,109,12.8,883,16.05,25,35,20,29,40.8,0,0,2016,1,"Edmonton Oilers","4000000",197,28,"LW","EDM",58,19,15,34,-1,28,4.5,14,4,1,3,12,3,0,105,18.1,964,16.61666667,31,71,13,21,38.2,0,0,2015,1,"Edmonton Oilers","4000000",7,-5,-5,1,1,0,-22,"1",0.616279069767442
"Bobby Ryan",290,29,"RW","OTT",62,13,12,25,-3,24,2.5,11,2,0,0,9,3,0,111,11.7,963,15.53333333,36,109,6,3,66.7,0,0,2017,1,"Ottawa Senators","7250000",60,28,"RW","OTT",81,22,34,56,-9,28,6,16,6,0,2,24,10,0,183,12,1391,17.16666667,24,106,3,8,27.3,0,0,2016,1,"Ottawa Senators","7250000",75,27,"RW","OTT",78,18,36,54,5,24,6,14,4,0,5,26,10,0,221,8.1,1363,17.46666667,33,110,4,7,36.4,0,0,2015,1,"Ottawa Senators","7250000",-2,4,-14,1,6,0,-31,"1",0.582010582010582
"Brad Richardson",527,31,"RW","ARI",16,5,4,9,-1,15,1.1,3,0,2,0,3,0,1,25,20,246,15.35,7,19,121,109,52.6,0,0,2017,1,"Arizona Coyotes","2083333",234,30,"RW","ARI",82,11,20,31,8,46,2.9,11,0,0,3,20,0,0,117,9.4,1281,15.61666667,53,57,523,438,54.4,0,0,2016,1,"Arizona Coyotes","2083333",342,29,"RW","VAN",45,8,13,21,0,34,2.1,7,0,1,1,12,1,0,66,12.1,651,14.46666667,20,57,272,298,47.7,0,0,2015,1,"Arizona Coyotes","2083333",7,3,8,0,-9,1,-22,"0",0.322404371584699
"Brandon Davidson",683,25,"D","TOT",38,0,3,3,-2,20,0.7,0,0,0,0,3,0,0,42,0,597,15.71666667,61,42,0,0,0,0,0,2017,1,"Montreal Canadiens","1425000",480,24,"D","EDM",51,4,7,11,7,20,3.4,2,2,0,0,6,0,1,63,6.3,979,19.2,92,74,0,0,0,0,0,2016,1,"Montreal Canadiens","1425000",716,23,"D","EDM",12,1,0,1,-5,0,0,1,0,0,0,0,0,0,7,14.3,182,15.13333333,22,18,0,0,0,0,0,2015,1,"Montreal Canadiens","1425000",7,3,12,0,-9,0,-8,"0",0.202185792349727
"Brandon Pirri",365,25,"RW","NYR",60,8,10,18,-8,25,1.1,3,5,0,3,6,4,0,96,8.3,737,12.28333333,20,41,140,103,57.6,0,0,2017,1,"New York Rangers","RFA",245,24,"C","TOT",61,14,15,29,-4,30,3.2,11,3,0,3,8,7,0,128,10.9,886,14.51666667,14,66,66,77,46.2,0,0,2016,1,"New York Rangers","RFA",299,23,"C","FLA",49,22,2,24,6,14,4.2,15,7,0,4,2,0,0,143,15.4,724,14.76666667,13,39,86,89,49.1,0,0,2015,1,"New York Rangers","RFA",13,-8,-10,0,-4,0,-11,"0",0.618279569892473
"Brayden McNabb",641,26,"D","LAK",49,2,2,4,1,54,2,2,0,0,0,2,0,0,47,4.3,738,15.06666667,54,110,0,0,0,0,0,2017,1,"Los Angeles Kings","1700000",433,25,"D","LAK",81,2,12,14,11,92,4.2,2,0,0,1,10,1,1,91,2.2,1524,18.81666667,95,206,0,0,0,0,0,2016,1,"Los Angeles Kings","1700000",308,24,"D","LAK",71,2,22,24,11,52,5,2,0,0,1,17,5,0,74,2.7,1129,15.9,56,175,1,0,100,0,0,2015,1,"Los Angeles Kings","1700000",-10,0,0,0,-10,0,-10,"0",0.216931216931217
"Brenden Dillon",516,26,"D","SJS",81,2,8,10,-2,60,2.6,2,0,0,0,8,0,0,86,2.3,1334,16.46666667,81,173,0,0,0,0,0,2017,1,"San Jose Sharks","3270000",487,25,"D","SJS",76,2,9,11,8,61,3.3,2,0,0,1,9,0,0,93,2.2,1268,16.68333333,89,154,0,0,0,0,0,2016,1,"San Jose Sharks","3270000",523,24,"D","TOT",80,2,8,10,-13,77,1.4,1,0,1,1,7,0,1,91,2.2,1566,19.56666667,139,154,0,0,0,0,0,2015,1,"San Jose Sharks","3270000",1,0,21,0,-10,0,-1,"0",0.197802197802198
"Brett Connolly",311,24,"RW","WSH",66,15,8,23,20,40,3.7,14,1,0,3,8,0,0,81,18.5,706,10.68333333,12,89,4,10,28.6,0,0,2017,1,"Washington Capitals","RFA",285,23,"RW","BOS",71,9,16,25,-1,20,2.2,7,2,0,2,13,3,0,95,9.5,920,12.96666667,36,137,14,17,45.2,0,0,2016,1,"Washington Capitals","RFA",396,22,"RW","TOT",55,12,5,17,3,48,2.1,10,2,0,2,4,1,0,83,14.5,668,12.15,13,90,18,25,41.9,0,0,2015,1,"Washington Capitals","RFA",11,-3,-4,1,21,1,-2,"1",0.175824175824176
"Brett Kulak",684,23,"D","CGY",21,0,3,3,-3,12,0.4,0,0,0,0,3,0,0,19,0,299,14.25,13,14,0,0,0,0,0,2017,1,"Calgary Flames","RFA",832,22,"D","CGY",8,0,0,0,-2,0,-0.1,0,0,0,0,0,0,0,9,0,99,12.35,3,2,0,0,0,0,0,2016,1,"Calgary Flames","RFA",833,21,"D","CGY",1,0,0,0,0,2,0,0,0,0,0,0,0,0,0,0,20,19.51666667,0,0,0,0,0,0,0,2015,1,"Calgary Flames","RFA",0,0,-2,0,-1,1,3,"0",0.35195530726257
"Brock Nelson",126,25,"LW","NYI",81,20,25,45,-6,36,4.7,19,1,0,4,19,5,1,173,11.6,1268,15.65,48,50,346,445,43.7,0,0,2017,1,"New York Islanders","2500000",153,24,"LW","NYI",81,26,14,40,-3,30,5.2,23,3,0,3,12,2,0,165,15.8,1280,15.8,50,59,186,202,47.9,0,0,2016,1,"New York Islanders","2500000",136,23,"C","NYI",82,20,22,42,6,24,4.9,10,10,0,3,17,5,0,190,10.5,1302,15.88333333,52,99,354,445,44.3,0,0,2015,1,"New York Islanders","2500000",-8,6,-9,0,-3,1,5,"0",0.5
"Brooks Orpik",446,36,"D","WSH",79,0,14,14,32,48,5,0,0,0,0,14,0,0,93,0,1405,17.78333333,132,181,0,0,0,0,0,2017,1,"Washington Capitals","5500000",506,35,"D","WSH",41,3,7,10,11,24,3,3,0,0,1,7,0,0,31,9.7,812,19.81666667,102,125,0,0,0,0,0,2016,1,"Washington Capitals","5500000",380,34,"D","WSH",78,0,19,19,5,66,3.9,0,0,0,0,19,0,0,66,0,1700,21.8,192,306,0,0,0,0,0,2015,1,"Washington Capitals","5500000",-12,3,6,1,21,0,4,"1",0.188679245283019
"Bryan Rust",259,24,"RW","PIT",57,15,13,28,4,8,3.3,15,0,0,1,12,0,1,110,13.6,777,13.63333333,29,101,2,3,40,0,0,2017,1,"Pittsburgh Penguins","640000",483,23,"RW","PIT",41,4,7,11,1,12,0.8,4,0,0,1,6,1,0,68,5.9,512,12.5,23,62,1,3,25,0,0,2016,1,"Pittsburgh Penguins","640000",695,22,"RW","PIT",14,1,1,2,-3,4,-0.1,1,0,0,0,1,0,0,34,2.9,168,12.03333333,3,21,0,0,0,0,0,2015,1,"Pittsburgh Penguins","640000",6,3,4,1,3,1,17,"1",0.0792079207920792
"Cal Clutterbuck",349,29,"RW","NYI",66,5,15,20,2,28,1.2,5,0,0,1,14,1,0,115,4.3,924,14,25,222,3,5,37.5,0,0,2017,1,"New York Islanders","3500000",298,28,"RW","NYI",77,15,8,23,7,22,3.1,13,0,2,5,7,0,1,80,18.8,918,11.91666667,34,288,1,2,33.3,0,0,2016,1,"New York Islanders","3500000",413,27,"RW","NYI",76,7,9,16,1,60,0.8,5,0,2,4,7,1,1,124,5.6,967,12.73333333,31,343,6,3,66.7,0,0,2015,1,"New York Islanders","3500000",-1,8,6,0,-5,0,-3,"0",0.12
"Carl Gunnarsson",610,30,"D","STL",56,0,6,6,-5,4,1,0,0,0,0,6,0,0,32,0,761,13.6,68,42,0,0,0,0,0,2017,1,"St. Louis Blues","2900000",523,29,"D","STL",72,3,6,9,7,31,3.3,2,1,0,0,6,0,0,51,5.9,1251,17.38333333,119,67,0,0,0,0,0,2016,1,"St. Louis Blues","2900000",497,28,"D","STL",61,2,10,12,10,2,3.4,2,0,0,0,9,1,0,54,3.7,1102,18.06666667,114,42,0,0,0,0,0,2015,1,"St. Louis Blues","2900000",-4,1,-3,0,-12,1,-3,"0",0.229268292682927
"Carl Hagelin",328,28,"LW","PIT",61,6,16,22,10,16,1.5,6,0,0,2,15,0,1,128,4.7,945,15.48333333,24,66,3,3,50,0,0,2017,1,"Pittsburgh Penguins","4000000",166,27,"LW","TOT",80,14,25,39,8,32,4.3,14,0,0,6,23,0,2,178,7.9,1257,15.7,33,84,6,8,42.9,0,0,2016,1,"Pittsburgh Penguins","4000000",192,26,"LW","NYR",82,17,18,35,18,46,4.4,16,1,0,4,17,0,1,185,9.2,1249,15.23333333,36,84,7,10,41.2,0,0,2015,1,"Pittsburgh Penguins","4000000",7,-3,-10,1,2,0,-17,"1",0.112359550561798
"Carl Soderberg",435,31,"C","COL",80,6,8,14,-26,22,-0.4,5,1,0,0,7,1,0,128,4.7,1076,13.45,42,34,365,337,52,0,0,2017,1,"Colorado Avalanche","4750000",91,30,"C","COL",82,12,39,51,-7,32,4.3,8,3,1,0,27,11,1,163,7.4,1477,18.01666667,71,27,338,381,47,0,0,2016,1,"Colorado Avalanche","4750000",123,29,"C","BOS",82,13,31,44,10,26,4.5,8,5,0,3,28,3,0,163,8,1378,16.81666667,36,76,369,389,48.7,0,0,2015,1,"Colorado Avalanche","4750000",8,-1,-17,0,-19,0,-37,"0",0.751381215469613
"Casey Cizikas",295,25,"C","NYI",59,8,17,25,9,30,2.6,8,0,0,1,16,1,0,82,9.8,821,13.9,58,144,420,426,49.6,0,0,2017,1,"New York Islanders","3350000",253,24,"C","NYI",80,8,21,29,4,31,2.6,7,0,1,4,20,0,2,84,9.5,1015,12.68333333,62,158,469,490,48.9,0,0,2016,1,"New York Islanders","3350000",383,23,"C","NYI",70,9,9,18,-2,24,1.3,7,0,2,2,8,1,0,90,10,876,12.51666667,50,144,446,409,52.2,0,0,2015,1,"New York Islanders","3350000",12,-1,6,1,5,1,-4,"1",0.0053475935828877
"Cedric Paquette",511,23,"C","TBL",58,4,6,10,-6,80,0.2,4,0,0,0,6,0,0,68,5.9,668,11.51666667,46,144,200,234,46.1,0,0,2017,1,"Tampa Bay Lightning","812500",478,22,"C","TBL",56,6,5,11,-2,51,0.7,5,0,1,1,5,0,0,50,12,713,12.73333333,31,137,141,142,49.8,0,0,2016,1,"Tampa Bay Lightning","812500",369,21,"C","TBL",64,12,7,19,4,51,2,10,0,2,3,7,0,0,91,13.2,871,13.61666667,55,117,106,120,46.9,0,0,2015,1,"Tampa Bay Lightning","812500",-2,-6,-6,0,-4,0,-1,"0",0.511627906976744
"Chris Stewart",332,29,"RW","MIN",79,13,8,21,3,94,2.3,13,0,0,0,6,2,0,82,15.9,821,10.38333333,19,85,2,9,18.2,0,0,2017,1,"Minnesota Wild","1150000",336,28,"RW","ANA",56,8,12,20,2,73,2.4,7,1,0,1,8,4,0,78,10.3,605,10.8,10,72,3,6,33.3,0,0,2016,1,"Minnesota Wild","1150000",184,27,"RW","TOT",81,14,22,36,-26,88,2.6,9,5,0,0,17,5,0,155,9,1286,15.88333333,16,110,10,31,24.4,0,0,2015,1,"Minnesota Wild","1150000",-10,-6,28,1,1,0,1,"1",0.183168316831683
"Chris Terry",646,27,"LW","MTL",14,2,2,4,-1,4,0.4,2,0,0,0,2,0,0,15,13.3,138,9.883333333,1,10,1,1,50,0,0,2017,1,"Montreal Canadiens","650000",472,26,"LW","CAR",68,8,3,11,-12,16,0.6,8,0,0,0,3,0,0,78,10.3,767,11.26666667,21,82,1,8,11.1,0,0,2016,1,"Montreal Canadiens","650000",348,25,"LW","CAR",57,11,9,20,-4,14,2.4,8,3,0,0,8,1,0,71,15.5,725,12.71666667,17,44,6,5,54.5,0,0,2015,1,"Montreal Canadiens","650000",-6,-3,-8,1,11,1,-7,"1",0.965317919075145
"Chris Wagner",564,25,"C","ANA",43,6,1,7,2,6,0.9,6,0,0,0,1,0,0,40,15,402,9.35,24,112,62,86,41.9,0,0,2017,1,"Anaheim Ducks","637500",580,24,"RW","TOT",43,4,2,6,-2,28,0.4,4,0,0,1,2,0,0,55,7.3,394,9.15,27,95,148,126,54,0,0,2016,1,"Anaheim Ducks","637500",873,23,"RW","ANA",9,0,0,0,-2,2,-0.2,0,0,0,0,0,0,0,7,0,79,8.783333333,3,22,33,22,60,0,0,2015,1,"Anaheim Ducks","637500",2,4,0,1,4,1,1,"1",0.27906976744186
"Christian Folin",555,25,"D","MIN",51,2,6,8,10,26,2.3,2,0,0,0,6,0,0,39,5.1,762,14.93333333,59,69,0,0,0,0,0,2017,1,"Minnesota Wild","RFA",654,24,"D","MIN",26,0,4,4,-1,11,0.8,0,0,0,0,4,0,0,14,0,379,14.58333333,30,38,0,0,0,0,0,2016,1,"Minnesota Wild","RFA",524,23,"D","MIN",40,2,8,10,3,13,2.2,2,0,0,0,7,1,0,39,5.1,608,15.2,42,46,0,0,0,0,0,2015,1,"Minnesota Wild","RFA",-4,-2,-4,1,11,0,4,"1",0.192893401015228
"Clarke MacArthur",834,31,"LW","OTT",4,0,0,0,-1,0,-0.1,0,0,0,0,0,0,0,5,0,54,13.48333333,1,4,0,1,0,0,0,2017,1,"Ottawa Senators","4650000",839,30,"LW","OTT",4,0,0,0,-1,0,-0.1,0,0,0,0,0,0,0,4,0,43,10.86666667,1,3,0,1,0,0,0,2016,1,"Ottawa Senators","4650000",181,29,"LW","OTT",62,16,20,36,-6,36,3.8,10,6,0,5,16,4,0,140,11.4,1054,17,17,70,8,13,38.1,0,0,2015,1,"Ottawa Senators","4650000",-20,-16,5,0,0,0,0,"0",0.635
"Clayton Stoner",680,31,"D","ANA",14,1,2,3,0,28,0.7,1,0,0,0,2,0,0,16,6.3,246,17.55,17,35,0,0,0,0,0,2017,1,"Anaheim Ducks","3250000",598,30,"D","ANA",50,1,5,6,4,67,2.2,1,0,0,0,4,0,1,32,3.1,768,15.36666667,55,123,0,0,0,0,0,2016,1,"Anaheim Ducks","3250000",569,29,"D","ANA",69,1,7,8,-2,68,1.4,1,0,0,1,7,0,0,68,1.5,1217,17.65,84,128,0,0,0,0,0,2015,1,"Anaheim Ducks","3250000",-2,0,6,0,-4,1,-3,"0",0.154639175257732
"Cody Eakin",483,25,"C","DAL",60,3,9,12,-7,49,-0.5,3,0,0,1,7,2,0,82,3.7,1009,16.81666667,39,65,524,477,52.3,0,0,2017,1,"Dallas Stars","3850000",208,24,"C","DAL",82,16,19,35,3,42,3.4,11,2,3,1,16,2,1,132,12.1,1342,16.36666667,47,98,567,621,47.7,0,0,2016,1,"Dallas Stars","3850000",150,23,"C","DAL",78,19,21,40,-1,26,4,15,2,2,6,18,2,1,142,13.4,1341,17.2,59,62,656,636,50.8,0,0,2015,1,"Dallas Stars","3850000",-2,-3,4,0,-10,0,-23,"0",0.338383838383838
"Cody McLeod",592,32,"LW","TOT",59,5,1,6,-3,145,0.4,5,0,0,0,1,0,0,30,16.7,423,7.166666667,14,150,0,1,0,0,0,2017,1,"Nashville Predators","800000",437,31,"LW","COL",82,8,5,13,1,138,1,7,1,0,1,5,0,0,73,11,864,10.53333333,28,240,1,0,100,0,0,2016,1,"Nashville Predators","800000",482,30,"LW","COL",82,7,5,12,-2,191,0.5,6,0,1,2,5,0,0,94,7.4,917,11.18333333,43,268,1,8,11.1,0,0,2015,1,"Nashville Predators","800000",0,1,3,0,-4,0,-7,"0",0.502890173410405
"Colin McDonald",732,32,"C","PHI",3,1,0,1,1,0,0.2,1,0,0,0,0,0,0,5,20,27,9.016666667,0,9,0,1,0,0,0,2017,1,"Philadelphia Flyers","637500",742,31,"RW","PHI",5,1,0,1,0,7,0.2,1,0,0,0,0,0,0,4,25,41,8.15,1,16,0,0,0,0,0,2016,1,"Philadelphia Flyers","637500",565,30,"RW","NYI",18,2,6,8,-3,0,0.7,2,0,0,0,6,0,0,29,6.9,189,10.5,6,72,2,2,50,0,0,2015,1,"Philadelphia Flyers","637500",-6,-1,3,1,1,1,0,"1",0.437837837837838
"Colin Wilson",207,27,"LW","NSH",70,12,23,35,7,18,3.8,6,6,0,0,22,1,0,113,10.6,1047,14.95,23,50,16,23,41,0,0,2017,1,"Nashville Predators","3937500",296,26,"LW","NSH",64,6,18,24,-1,14,1.8,5,1,0,0,18,0,0,108,5.6,925,14.45,25,61,14,21,40,0,0,2016,1,"Nashville Predators","3937500",137,25,"C","NSH",77,20,22,42,19,22,5.7,17,3,0,5,18,4,0,172,11.6,1248,16.21666667,33,52,71,107,39.9,0,0,2015,1,"Nashville Predators","3937500",-4,-14,-20,1,8,1,11,"1",0.364640883977901
"Colton Sceviour",305,27,"C","FLA",80,9,15,24,-16,25,1.3,5,1,3,1,12,2,1,172,5.2,1171,14.63333333,64,108,31,27,53.4,0,0,2017,1,"Florida Panthers","950000",301,26,"C","DAL",71,11,12,23,6,21,2.4,10,1,0,1,9,2,1,125,8.8,900,12.66666667,52,71,9,15,37.5,0,0,2016,1,"Florida Panthers","950000",285,25,"C","DAL",71,9,17,26,1,13,2.3,9,0,0,2,13,4,0,113,8,903,12.71666667,41,77,30,41,42.3,0,0,2015,1,"Florida Panthers","950000",-5,2,5,0,-22,0,1,"0",0.169398907103825
"Craig Smith",250,27,"RW","NSH",78,12,17,29,7,30,3,10,2,0,1,16,1,0,155,7.7,1078,13.81666667,16,93,51,60,45.9,0,0,2017,1,"Nashville Predators","4250000",182,26,"RW","NSH",82,21,16,37,4,40,4.7,19,2,0,6,13,3,0,199,10.6,1245,15.18333333,18,84,76,154,33,0,0,2016,1,"Nashville Predators","4250000",120,25,"C","NSH",82,23,21,44,11,44,5.8,17,6,0,4,18,3,0,251,9.2,1291,15.73333333,17,77,13,18,41.9,0,0,2015,1,"Nashville Predators","4250000",-5,-2,-7,1,3,0,-8,"1",0.145348837209302
"Curtis McKenzie",411,25,"LW","DAL",53,6,10,16,5,72,1.6,6,0,0,3,10,0,0,66,9.1,575,10.85,31,103,3,3,50,0,0,2017,1,"Dallas Stars","700000",844,24,"LW","DAL",3,0,0,0,-1,0,-0.1,0,0,0,0,0,0,0,3,0,26,8.8,1,4,0,0,0,0,0,2016,1,"Dallas Stars","700000",611,23,"LW","DAL",36,4,1,5,-8,48,-0.1,4,0,0,0,1,0,0,41,9.8,415,11.53333333,13,85,3,5,37.5,0,0,2015,1,"Dallas Stars","700000",-1,-4,7,1,6,1,16,"1",0.326633165829146
"Dale Weise",419,28,"RW","PHI",64,8,7,15,1,39,1.3,7,1,0,2,6,1,0,94,8.5,824,12.88333333,24,135,3,0,100,0,0,2017,1,"Philadelphia Flyers","2350000",265,27,"RW","TOT",71,14,13,27,4,24,3.1,11,3,0,1,10,3,0,136,10.3,952,13.41666667,26,127,16,19,45.7,0,0,2016,1,"Philadelphia Flyers","2350000",251,26,"RW","MTL",79,10,19,29,21,34,3.7,10,0,0,1,19,0,0,91,11,962,12.18333333,34,145,5,7,41.7,0,0,2015,1,"Philadelphia Flyers","2350000",-6,4,-17,0,-3,0,-12,"0",0.511627906976744
"Dalton Prout",611,26,"D","TOT",29,0,6,6,-1,44,1,0,0,0,0,6,0,0,13,0,405,13.96666667,24,44,0,0,0,0,0,2017,1,"New Jersey Devils","1575000",526,25,"D","CBJ",64,3,6,9,-6,102,1.6,3,0,0,0,6,0,0,69,4.3,1035,16.16666667,70,139,0,1,0,0,0,2016,1,"New Jersey Devils","1575000",571,24,"D","CBJ",63,0,8,8,-14,85,0.4,0,0,0,0,8,0,0,64,0,1160,18.41666667,84,166,0,0,0,0,0,2015,1,"New Jersey Devils","1575000",-2,3,8,1,5,1,-3,"1",0.878947368421053
"Dan Hamhuis",416,34,"D","DAL",79,1,15,16,-7,23,2.2,0,1,0,0,13,0,2,83,1.2,1529,19.36666667,100,93,0,0,0,0,0,2017,1,"Dallas Stars","3750000",450,33,"D","VAN",58,3,10,13,-2,28,3.2,2,1,0,1,8,2,0,72,4.2,1242,21.41666667,72,64,0,0,0,0,0,2016,1,"Dallas Stars","3750000",324,32,"D","VAN",59,1,22,23,0,44,3.7,0,1,0,0,20,2,0,82,1.2,1270,21.53333333,71,82,0,0,0,0,0,2015,1,"Dallas Stars","3750000",-12,2,-2,0,-5,0,3,"0",0.523255813953488
"Darren Helm",380,30,"C","DET",50,8,9,17,-6,20,1.4,6,2,0,1,6,2,1,98,8.2,768,15.36666667,18,71,216,204,51.4,0,0,2017,1,"Detroit Red Wings","3850000",274,29,"C","DET",77,13,13,26,-2,32,2.4,13,0,0,3,13,0,0,165,7.9,1160,15.06666667,26,115,39,38,50.6,0,0,2016,1,"Detroit Red Wings","3850000",216,28,"C","DET",75,15,18,33,7,12,3.7,10,3,2,1,14,4,0,160,9.4,1188,15.83333333,25,132,223,192,53.7,0,0,2015,1,"Detroit Red Wings","3850000",-5,-2,-9,0,-4,0,-9,"0",0.494505494505495
"David Perron",121,28,"LW","STL",82,18,28,46,-2,54,4.7,14,3,1,3,18,10,0,151,11.9,1418,17.3,28,87,32,34,48.5,0,0,2017,1,"St. Louis Blues","3750000",202,27,"LW","TOT",71,12,24,36,-1,62,3.6,8,4,0,1,16,8,0,147,8.2,1080,15.21666667,23,142,2,8,20,0,0,2016,1,"St. Louis Blues","3750000",143,26,"LW","TOT",81,17,24,41,-25,62,3.2,14,3,0,2,18,6,0,196,8.7,1404,17.33333333,21,171,3,9,25,0,0,2015,1,"St. Louis Blues","3750000",0,-5,24,0,-1,0,10,"0",0.678787878787879
"David Schlemko",377,29,"D","SJS",62,2,16,18,4,14,3.7,1,1,0,1,14,2,0,118,1.7,1038,16.75,112,35,0,0,0,0,0,2017,1,"San Jose Sharks","2100000",347,28,"D","NJD",67,6,13,19,-22,16,3.1,5,1,0,3,2,11,0,104,5.8,1249,18.65,88,47,0,0,0,0,0,2016,1,"San Jose Sharks","2100000",645,27,"D","TOT",44,1,3,4,1,12,1.4,1,0,0,0,1,2,0,45,2.2,675,15.33333333,85,45,0,0,0,0,0,2015,1,"San Jose Sharks","2100000",10,5,-23,1,26,1,-1,"1",0.922680412371134
"Dennis Seidenberg",329,35,"D","NYI",73,5,17,22,25,32,5.8,5,0,0,0,17,0,0,89,5.6,1418,19.43333333,146,154,0,0,0,0,0,2017,1,"New York Islanders","1250000",469,34,"D","BOS",61,1,11,12,-1,24,2,1,0,0,0,10,1,0,66,1.5,1183,19.4,120,127,0,0,0,0,0,2016,1,"New York Islanders","1250000",452,33,"D","BOS",82,3,11,14,-1,34,3.5,3,0,0,0,11,0,0,103,2.9,1812,22.1,146,212,0,0,0,0,0,2015,1,"New York Islanders","1250000",0,-2,0,1,26,1,10,"1",0.513812154696133
"Derek Dorsett",651,30,"RW","VAN",14,1,3,4,-6,33,0.1,1,0,0,0,3,0,0,24,4.2,139,9.933333333,6,35,1,0,100,0,0,2017,1,"Vancouver Canucks","2650000",392,29,"RW","VAN",71,5,11,16,-13,177,0.5,5,0,0,0,10,0,1,91,5.5,894,12.58333333,44,127,3,7,30,0,0,2016,1,"Vancouver Canucks","2650000",297,28,"RW","VAN",79,7,18,25,4,175,2.1,5,0,2,3,18,0,0,89,7.9,952,12.05,37,166,7,9,43.8,0,0,2015,1,"Vancouver Canucks","2650000",-7,-2,-17,1,7,1,-12,"1",0.955
"Derek MacKenzie",410,35,"C","FLA",82,6,10,16,-7,50,0.6,4,0,2,1,7,0,3,91,6.6,1030,12.56666667,45,192,386,386,50,0,0,2017,1,"Florida Panthers","1375000",441,34,"C","FLA",64,6,7,13,7,36,1,6,0,0,3,6,0,1,79,7.6,842,13.15,38,154,439,362,54.8,0,0,2016,1,"Florida Panthers","1375000",503,33,"C","FLA",82,5,6,11,-17,45,-0.6,4,1,0,0,6,0,0,72,6.9,1021,12.45,51,273,543,479,53.1,0,0,2015,1,"Florida Panthers","1375000",1,1,24,0,-14,1,3,"0",0.453125
"Derrick Pouliot",859,23,"D","PIT",11,0,0,0,-4,4,-0.3,0,0,0,0,0,0,0,11,0,164,14.88333333,8,14,0,0,0,0,0,2017,1,"Pittsburgh Penguins","RFA",572,22,"D","PIT",22,0,7,7,4,2,1.3,0,0,0,0,7,0,0,25,0,340,15.45,18,16,0,0,0,0,0,2016,1,"Pittsburgh Penguins","RFA",583,21,"D","PIT",34,2,5,7,-11,4,0.6,1,1,0,2,2,3,0,56,3.6,597,17.55,20,15,0,0,0,0,0,2015,1,"Pittsburgh Penguins","RFA",2,-2,15,0,-8,0,-7,"0",0.322981366459627
"Devante Smith-Pelly",531,24,"RW","NJD",53,4,5,9,-19,12,-0.3,4,0,0,0,3,2,0,76,5.3,716,13.5,32,94,29,42,40.8,0,0,2017,1,"New Jersey Devils","1300000",282,23,"RW","TOT",64,14,11,25,-3,30,3.1,14,0,0,5,10,1,0,94,14.9,787,12.3,23,105,2,3,40,0,0,2016,1,"New Jersey Devils","1300000",359,22,"RW","TOT",74,6,14,20,-1,24,1,5,0,1,1,12,1,1,104,5.8,1057,14.28333333,49,205,23,60,27.7,0,0,2015,1,"New Jersey Devils","1300000",-3,8,-2,0,-16,0,-16,"0",0.368715083798883
"Dmitrij Jaskin",501,23,"RW","STL",51,1,10,11,5,18,0.6,1,0,0,0,10,0,0,55,1.8,589,11.55,19,98,5,5,50,0,0,2017,1,"St. Louis Blues","1000000",448,22,"RW","STL",65,4,9,13,3,26,0.8,4,0,0,1,9,0,0,92,4.3,771,11.86666667,16,126,8,20,28.6,0,0,2016,1,"St. Louis Blues","1000000",381,21,"RW","STL",54,13,5,18,7,16,2.5,10,3,0,4,5,0,0,108,12,727,13.46666667,21,146,3,4,42.9,0,0,2015,1,"St. Louis Blues","1000000",4,-9,-4,1,2,1,-2,"1",0.238095238095238
"Dustin Brown",196,32,"RW","LAK",80,14,22,36,-4,22,3.7,9,4,1,1,20,2,0,175,8,1280,16,31,190,2,3,40,0,0,2017,1,"Los Angeles Kings","5875000",258,31,"RW","LAK",82,11,17,28,-5,30,1.9,9,2,0,0,15,1,1,218,5,1326,16.16666667,20,234,8,9,47.1,0,0,2016,1,"Los Angeles Kings","5875000",267,30,"RW","LAK",82,11,16,27,-17,26,1.3,10,1,0,3,11,5,0,189,5.8,1354,16.51666667,23,234,13,21,38.2,0,0,2015,1,"Los Angeles Kings","5875000",1,0,12,1,1,1,8,"1",0.612021857923497
"Emerson Etem",799,24,"LW","ANA",3,0,0,0,1,2,0,0,0,0,0,0,0,0,0,0,26,8.8,0,4,0,1,0,0,0,2017,1,"Anaheim Ducks","RFA",407,23,"RW","TOT",58,7,8,15,-12,11,0.7,7,0,0,1,8,0,0,100,7,763,13.15,43,87,2,2,50,0,0,2016,1,"Anaheim Ducks","RFA",516,22,"LW","ANA",45,5,5,10,-6,4,0.4,5,0,0,0,5,0,0,77,6.5,551,12.25,20,63,2,2,50,0,0,2015,1,"Anaheim Ducks","RFA",3,2,-6,1,13,0,-15,"1",0.977272727272727
"Eric Fehr",491,31,"C","TOT",53,6,5,11,2,14,0.7,6,0,0,3,5,0,0,62,9.7,579,10.93333333,35,82,79,76,51,0,0,2017,1,"Toronto Maple Leafs","2000000",421,30,"C","PIT",55,8,6,14,0,19,1.2,4,0,4,2,5,1,0,74,10.8,718,13.05,45,60,107,135,44.2,0,0,2016,1,"Toronto Maple Leafs","2000000",213,29,"RW","WSH",75,19,14,33,8,20,4.3,17,1,1,4,14,0,0,142,13.4,1114,14.85,47,84,449,414,52,0,0,2015,1,"Toronto Maple Leafs","2000000",-8,-11,-8,1,2,0,-3,"1",0.307317073170732
"Eric Gelinas",750,25,"D","COL",27,0,1,1,-4,12,0.2,0,0,0,0,1,0,0,29,0,313,11.58333333,16,32,0,1,0,0,0,2017,1,"Colorado Avalanche","RFA",595,24,"D","TOT",40,1,5,6,-6,16,1.2,0,1,0,0,2,3,0,55,1.8,553,13.83333333,23,61,0,0,0,0,0,2016,1,"Colorado Avalanche","RFA",376,23,"D","NJD",61,6,13,19,-2,42,4,3,3,0,2,7,6,0,112,5.4,1004,16.46666667,50,82,0,0,0,0,0,2015,1,"Colorado Avalanche","RFA",-8,-5,-4,1,2,0,-5,"1",0.953488372093023
"Eric Staal",29,32,"C","MIN",82,28,37,65,17,34,8,23,4,1,8,24,12,1,211,13.3,1526,18.6,39,42,577,597,49.1,0,0,2017,1,"Minnesota Wild","3500000",168,31,"C","TOT",83,13,26,39,-3,34,3.4,12,1,0,0,20,6,0,199,6.5,1540,18.55,33,74,446,396,53,0,0,2016,1,"Minnesota Wild","3500000",73,30,"C","CAR",77,23,31,54,-13,41,6.2,16,7,0,4,21,10,0,244,9.4,1451,18.85,27,65,343,326,51.3,0,0,2015,1,"Minnesota Wild","3500000",-5,-10,10,1,20,1,26,"1",0.447674418604651
"Erik Condra",792,30,"RW","TBL",13,0,0,0,-4,4,-0.4,0,0,0,0,0,0,0,8,0,125,9.633333333,7,5,1,0,100,0,0,2017,1,"Tampa Bay Lightning","1250000",475,29,"RW","TBL",54,6,5,11,-4,34,0.8,6,0,0,0,5,0,0,58,10.3,578,10.7,16,20,1,2,33.3,0,0,2016,1,"Tampa Bay Lightning","1250000",316,28,"RW","OTT",68,9,14,23,13,30,2.4,8,0,1,1,13,0,1,106,8.5,983,14.45,53,33,2,7,22.2,0,0,2015,1,"Tampa Bay Lightning","1250000",-9,-3,-17,0,0,0,-11,"0",0.670588235294118
"Erik Haula",280,25,"C","MIN",72,15,11,26,5,28,2.8,14,1,0,4,11,0,0,134,11.2,995,13.81666667,38,39,404,346,53.9,0,0,2017,1,"Minnesota Wild","RFA",216,24,"C","MIN",76,14,20,34,21,24,4.8,12,0,2,2,17,1,2,99,14.1,967,12.73333333,55,57,416,365,53.3,0,0,2016,1,"Minnesota Wild","RFA",433,23,"C","MIN",72,7,7,14,-7,32,0.6,6,1,0,1,6,0,1,92,7.6,875,12.15,42,31,260,307,45.9,0,0,2015,1,"Minnesota Wild","RFA",13,7,28,0,-16,0,-8,"0",0.207070707070707
"Erik Karlsson",17,26,"D","OTT",77,17,54,71,10,28,12.9,13,4,0,5,29,23,2,218,7.8,2066,2.833333333,201,67,0,0,0,0,258,2017,1,"Carolina Hurricanes","RFA",5,25,"D","OTT",82,16,66,82,-2,50,11.7,15,1,0,3,41,25,0,248,6.5,2375,4.966666667,175,84,0,1,0,0,0,2016,1,"Carolina Hurricanes","RFA",24,24,"D","OTT",82,21,45,66,7,42,11.9,15,6,0,3,21,24,0,292,7.2,2235,3.25,89,93,0,0,0,0,32,2015,1,"Carolina Hurricanes","RFA",21,-5,-9,1,12,0,-11,"1",0.398009950248756
"Frank Corrado",793,23,"D","TOT",4,0,0,0,-1,8,-0.1,0,0,0,0,0,0,0,3,0,43,10.76666667,2,4,0,0,0,0,0,2017,1,"Pittsburgh Penguins","RFA",594,22,"D","TOR",39,1,5,6,-12,26,0.4,1,0,0,0,4,1,0,46,2.2,564,14.45,37,46,0,0,0,0,0,2016,1,"Pittsburgh Penguins","RFA",715,21,"D","VAN",10,1,0,1,-7,0,-0.3,1,0,0,0,0,0,0,8,12.5,157,15.66666667,12,15,0,0,0,0,0,2015,1,"Pittsburgh Penguins","RFA",5,0,-5,1,11,0,-6,"1",0.873493975903614
"Freddie Hamilton",691,25,"C","CGY",26,2,0,2,-3,8,-0.1,2,0,0,1,0,0,0,30,6.7,254,9.783333333,1,46,75,51,59.5,0,0,2017,1,"Calgary Flames","612500",698,24,"C","CGY",4,1,1,2,1,0,0.3,0,0,1,0,1,0,0,7,14.3,51,12.7,2,8,12,9,57.1,0,0,2016,1,"Calgary Flames","612500",723,23,"C","TOT",18,1,0,1,-2,0,-0.1,1,0,0,1,0,0,0,11,9.1,136,7.583333333,3,22,23,37,38.3,0,0,2015,1,"Calgary Flames","612500",1,0,3,0,-4,0,0,"0",0.382022471910112
"Greg Pateryn",543,26,"D","TOT",36,1,8,9,-1,10,1.5,1,0,0,0,8,0,0,42,2.4,555,15.41666667,66,69,0,0,0,0,0,2017,1,"Dallas Stars","800000",568,25,"D","MTL",38,1,6,7,-8,49,0.8,1,0,0,0,6,0,0,32,3.1,636,16.75,52,100,0,0,0,0,0,2016,1,"Dallas Stars","800000",848,24,"D","MTL",17,0,0,0,0,6,0.2,0,0,0,0,0,0,0,10,0,215,12.65,18,48,0,0,0,0,0,2015,1,"Dallas Stars","800000",6,1,-8,1,7,1,2,"1",0.956521739130435
"Ian Cole",285,27,"D","PIT",81,5,21,26,26,72,5.6,5,0,0,1,20,1,0,89,5.6,1605,19.81666667,194,164,0,0,0,0,0,2017,1,"Pittsburgh Penguins","2100000",470,26,"D","PIT",70,0,12,12,-3,59,1.8,0,0,0,0,11,1,0,72,0,1207,17.23333333,122,122,0,0,0,0,0,2016,1,"Pittsburgh Penguins","2100000",402,25,"D","TOT",74,5,12,17,14,51,4.7,5,0,0,0,11,1,0,83,6,1183,15.98333333,99,73,0,0,0,0,0,2015,1,"Pittsburgh Penguins","2100000",0,-5,-17,1,29,1,14,"1",0.377551020408163
"Iiro Pakarinen",642,25,"RW","EDM",14,2,2,4,2,2,0.5,2,0,0,1,2,0,0,15,13.3,125,8.916666667,6,30,0,1,0,0,0,2017,1,"Edmonton Oilers","725000",445,24,"RW","EDM",63,5,8,13,-10,8,0.5,5,0,0,0,6,2,0,76,6.6,677,10.75,21,152,5,8,38.5,0,0,2016,1,"Edmonton Oilers","725000",666,23,"RW","EDM",17,1,2,3,-4,2,0,1,0,0,0,0,2,0,34,2.9,172,10.13333333,3,51,1,0,100,0,0,2015,1,"Edmonton Oilers","725000",6,4,-6,1,12,1,-9,"1",0.964705882352941
"J.T. Brown",595,26,"RW","TBL",64,3,3,6,-7,73,-0.4,2,0,1,1,3,0,0,67,4.5,664,10.36666667,25,103,12,26,31.6,0,0,2017,1,"Tampa Bay Lightning","1250000",315,25,"RW","TBL",78,8,14,22,16,59,2.4,8,0,0,0,12,0,2,140,5.7,1042,13.36666667,40,103,23,27,46,0,0,2016,1,"Tampa Bay Lightning","1250000",536,24,"RW","TBL",52,3,6,9,-2,30,0.2,3,0,0,0,6,0,0,74,4.1,552,10.6,21,44,6,7,46.2,0,0,2015,1,"Tampa Bay Lightning","1250000",8,5,18,0,-23,0,-16,"0",0.273255813953488
"Jack Johnson",321,30,"D","CBJ",82,5,18,23,23,32,6.3,4,1,0,1,16,1,1,116,4.3,1789,21.81666667,134,94,1,0,100,0,0,2017,1,"Columbus Blue Jackets","4357143",425,29,"D","CBJ",60,6,8,14,-16,25,2,3,3,0,2,5,3,0,86,7,1451,0.183333333,102,98,0,1,0,0,0,2016,1,"Columbus Blue Jackets","4357143",154,28,"D","CBJ",79,8,32,40,-13,44,5.4,5,3,0,1,14,18,0,141,5.7,1909,0.166666667,131,157,0,0,0,0,0,2015,1,"Columbus Blue Jackets","4357143",-24,-2,-3,1,39,1,9,"1",0.747474747474748
"Jacob Josefson",522,25,"C","NJD",38,1,9,10,-1,16,0.6,1,0,0,1,8,1,0,44,2.3,465,12.25,12,31,162,151,51.8,0,0,2017,1,"New Jersey Devils","RFA",429,24,"C","NJD",58,4,10,14,-21,20,0,1,3,0,1,1,8,1,86,4.7,900,15.51666667,40,67,323,344,48.4,0,0,2016,1,"New Jersey Devils","RFA",502,23,"C","NJD",62,6,5,11,0,24,0.8,3,0,3,1,3,2,0,61,9.8,771,12.43333333,31,57,289,302,48.9,0,0,2015,1,"New Jersey Devils","RFA",5,-2,-21,1,20,1,-4,"1",0.867052023121387
"James Neal",154,29,"RW","NSH",70,23,18,41,-10,35,4.6,18,5,0,5,10,8,0,202,11.4,1239,17.7,18,84,3,3,50,0,0,2017,1,"Nashville Predators","5000000",51,28,"RW","NSH",82,31,27,58,27,65,8.7,27,4,0,3,17,10,0,268,11.6,1564,19.06666667,31,113,8,19,29.6,0,0,2016,1,"Nashville Predators","5000000",174,27,"LW","NSH",67,23,14,37,12,57,5.2,20,3,0,6,13,1,0,222,10.4,1212,18.08333333,30,71,7,10,41.2,0,0,2015,1,"Nashville Predators","5000000",13,8,15,0,-37,0,-17,"0",0.405714285714286
"Jamie McGinn",379,28,"LW","ARI",72,9,8,17,-23,23,0.4,9,0,0,2,6,2,0,116,7.8,948,13.16666667,18,116,1,2,33.3,0,0,2017,1,"Arizona Coyotes","3333333",163,27,"LW","TOT",84,22,17,39,-7,33,5,13,9,0,5,14,3,0,156,14.1,1201,14.3,27,164,4,3,57.1,0,0,2016,1,"Arizona Coyotes","3333333",595,26,"LW","COL",19,4,2,6,-9,6,0.3,3,1,0,0,2,0,0,36,11.1,281,14.76666667,7,29,1,0,100,0,0,2015,1,"Arizona Coyotes","3333333",15,18,2,0,-16,0,-22,"0",0.680851063829787
"Jamie Oleksiak",566,24,"D","DAL",41,5,2,7,-4,37,1.4,5,0,0,1,1,0,1,33,15.2,665,16.21666667,53,51,0,0,0,0,0,2017,1,"Dallas Stars","RFA",721,23,"D","DAL",19,0,2,2,-5,21,-0.1,0,0,0,0,2,0,0,13,0,242,12.71666667,29,54,0,0,0,0,0,2016,1,"Dallas Stars","RFA",568,22,"D","DAL",36,1,7,8,0,8,1.2,1,0,0,0,7,0,0,36,2.8,482,13.4,46,82,0,0,0,0,0,2015,1,"Dallas Stars","RFA",-5,-1,-5,1,1,1,5,"1",0.81151832460733
"Jared Boll",682,30,"RW","ANA",51,0,3,3,-3,87,-0.3,0,0,0,0,3,0,0,13,0,297,5.816666667,14,68,0,1,0,0,0,2017,1,"Anaheim Ducks","900000",665,29,"RW","CBJ",30,1,2,3,-3,61,0,1,0,0,0,2,0,0,11,9.1,200,6.65,15,53,2,0,100,0,0,2016,1,"Anaheim Ducks","900000",620,28,"RW","CBJ",72,1,4,5,-13,109,-0.8,1,0,0,0,4,0,0,28,3.6,524,7.266666667,17,131,0,2,0,0,0,2015,1,"Anaheim Ducks","900000",-2,0,10,0,0,0,0,"0",0.570652173913043
"Jason Chimera",220,37,"LW","NYI",82,20,13,33,1,40,4,19,0,1,2,13,0,0,121,16.5,1071,13.06666667,30,149,16,18,47.1,0,0,2017,1,"New York Islanders","2250000",154,36,"LW","WSH",82,20,20,40,0,22,4.7,14,4,2,3,15,5,0,165,12.1,1152,14.05,13,103,8,20,28.6,0,0,2016,1,"New York Islanders","2250000",374,35,"LW","WSH",77,7,12,19,-1,51,1.1,7,0,0,2,12,0,0,96,7.3,996,12.93333333,18,132,43,33,56.6,0,0,2015,1,"New York Islanders","2250000",8,13,1,1,1,0,-7,"1",0.297872340425532
"Jason Demers",267,28,"D","FLA",81,9,19,28,-14,53,4.9,9,0,0,2,12,5,2,98,9.2,1588,19.61666667,90,106,0,1,0,0,0,2017,1,"Florida Panthers","4500000",305,27,"D","DAL",62,7,16,23,16,72,5.2,3,3,1,1,14,2,0,94,7.4,1294,20.86666667,73,86,0,0,0,0,0,2016,1,"Florida Panthers","4500000",298,26,"D","TOT",81,5,20,25,-3,71,3.9,3,2,0,2,17,3,0,99,5.1,1549,19.13333333,85,118,0,0,0,0,0,2015,1,"Florida Panthers","4500000",-4,2,19,0,-30,0,5,"0",0.182291666666667
"Jason Garrison",542,32,"D","TBL",70,1,8,9,-8,14,1.8,1,0,0,0,8,0,0,96,1,1300,18.56666667,91,93,0,0,0,0,0,2017,1,"Tampa Bay Lightning","4600000",479,31,"D","TBL",72,5,6,11,-4,18,2.8,5,0,0,1,6,0,0,99,5.1,1329,18.46666667,105,88,0,0,0,0,0,2016,1,"Tampa Bay Lightning","4600000",246,30,"D","TBL",70,4,26,30,27,19,6.7,3,1,0,3,16,10,0,111,3.6,1401,20.01666667,94,46,0,0,0,0,0,2015,1,"Tampa Bay Lightning","4600000",-20,1,-31,0,-4,0,-2,"0",0.648809523809524
"Jay Beagle",242,31,"RW","WSH",81,13,17,30,20,22,3.5,12,0,1,4,15,0,2,100,13,1104,13.63333333,44,55,624,483,56.4,0,0,2017,1,"Washington Capitals","1750000",373,30,"RW","WSH",57,8,9,17,0,24,1.4,8,0,0,1,9,0,0,74,10.8,799,14.01666667,24,55,370,267,58.1,0,0,2016,1,"Washington Capitals","1750000",349,29,"RW","WSH",62,10,10,20,6,20,2.2,10,0,0,2,9,0,1,84,11.9,794,12.81666667,33,73,217,167,56.5,0,0,2015,1,"Washington Capitals","1750000",-1,-2,-6,1,20,1,13,"1",0.329842931937173
"Jayson Megna",549,26,"C","VAN",58,4,4,8,-4,6,0.1,4,0,0,0,3,1,0,72,5.6,721,12.43333333,23,87,2,14,12.5,0,0,2017,1,"Vancouver Canucks","675000",703,25,"C","NYR",6,1,1,2,-1,2,0.2,1,0,0,0,1,0,0,9,11.1,73,12.25,1,6,1,0,100,0,0,2016,1,"Vancouver Canucks","675000",751,24,"C","PIT",12,0,1,1,-2,14,-0.2,0,0,0,0,1,0,0,13,0,132,11.03333333,8,40,0,0,0,0,0,2015,1,"Vancouver Canucks","675000",0,1,1,0,-3,0,6,"0",0.65359477124183
"Jesper Fast",338,25,"RW","NYR",68,6,15,21,6,16,1.5,6,0,0,1,15,0,0,56,10.7,938,13.8,44,99,17,27,38.6,0,0,2017,1,"New York Rangers","RFA",242,24,"RW","NYR",79,10,20,30,9,18,2.7,10,0,0,3,20,0,0,75,13.3,1180,14.93333333,55,109,1,5,16.7,0,0,2016,1,"New York Rangers","RFA",438,23,"RW","NYR",58,6,8,14,-1,8,1,6,0,0,0,7,1,0,52,11.5,685,11.8,28,101,6,14,30,0,0,2015,1,"New York Rangers","RFA",12,4,10,0,-3,0,-9,"0",0.12972972972973
"Jimmy Hayes",618,27,"RW","BOS",58,2,3,5,-3,29,-0.1,2,0,0,1,3,0,0,74,2.7,535,9.233333333,10,74,14,41,25.5,0,0,2017,1,"Boston Bruins","2300000",247,26,"RW","BOS",75,13,16,29,-12,60,2.4,10,3,0,0,14,2,0,127,10.2,1037,13.83333333,15,128,42,70,37.5,0,0,2016,1,"Boston Bruins","2300000",191,25,"RW","FLA",72,19,16,35,-4,20,4.1,15,4,0,3,9,7,0,166,11.4,1090,15.15,12,147,4,5,44.4,0,0,2015,1,"Boston Bruins","2300000",0,-6,-8,1,9,0,-24,"1",0.923913043478261
"Joakim Nordstrom",471,24,"LW","CAR",82,7,5,12,-12,17,0,6,0,1,2,5,0,0,104,6.7,1043,12.71666667,41,148,9,20,31,0,0,2017,1,"Carolina Hurricanes","1275000",292,23,"LW","CAR",71,10,14,24,1,12,2.3,9,0,1,1,14,0,0,81,12.3,1109,15.63333333,32,98,6,4,60,0,0,2016,1,"Carolina Hurricanes","1275000",673,22,"C","CHI",38,0,3,3,-5,4,-0.6,0,0,0,0,3,0,0,42,0,417,10.96666667,17,73,2,8,20,0,0,2015,1,"Carolina Hurricanes","1275000",11,10,6,0,-13,0,-12,"0",0.402173913043478
"Joe Colborne",548,27,"C","COL",62,4,4,8,-21,34,-0.5,2,2,0,0,3,1,0,48,8.3,663,10.7,14,86,45,72,38.5,0,0,2017,1,"Colorado Avalanche","2500000",127,26,"C","CGY",73,19,25,44,-9,27,4.6,16,3,0,2,23,2,0,100,19,1107,15.16666667,28,122,85,70,54.8,0,0,2016,1,"Colorado Avalanche","2500000",260,25,"C","CGY",64,8,20,28,7,43,2.6,6,1,1,1,16,4,0,67,11.9,987,15.41666667,36,163,176,152,53.7,0,0,2015,1,"Colorado Avalanche","2500000",5,11,-16,0,-12,0,-36,"0",0.571428571428571
"Joel Ward",255,36,"RW","SJS",78,10,19,29,-2,30,2.2,7,1,2,2,17,2,0,105,9.5,1244,15.95,56,61,222,233,48.8,0,0,2017,1,"San Jose Sharks","3275000",134,35,"RW","SJS",79,21,22,43,-15,28,4.4,15,5,1,3,14,7,1,138,15.2,1341,16.96666667,53,68,237,255,48.2,0,0,2016,1,"San Jose Sharks","3275000",198,34,"RW","WSH",82,19,15,34,-4,30,3.4,13,6,0,4,10,5,0,138,13.8,1383,16.86666667,38,53,60,67,47.2,0,0,2015,1,"San Jose Sharks","3275000",7,2,-11,1,13,0,-14,"1",0.704663212435233
"Jonathan Ericsson",541,32,"D","DET",51,1,8,9,-2,63,2.1,1,0,0,0,8,0,0,43,2.3,980,19.21666667,36,86,0,0,0,0,0,2017,1,"Detroit Red Wings","4250000",415,31,"D","DET",71,3,12,15,2,56,3.7,3,0,0,0,12,0,0,68,4.4,1316,18.53333333,48,121,0,0,0,0,0,2016,1,"Detroit Red Wings","4250000",426,30,"D","DET",82,3,12,15,-5,70,2.9,3,0,0,0,11,0,1,82,3.7,1606,19.58333333,55,114,0,0,0,0,0,2015,1,"Detroit Red Wings","4250000",0,0,7,0,-4,0,-6,"0",0.39766081871345
"Jordan Nolan",550,27,"C","LAK",46,4,4,8,-3,44,0.5,4,0,0,0,4,0,0,39,10.3,499,10.85,7,62,2,4,33.3,0,0,2017,1,"Los Angeles Kings","950000",622,26,"C","LAK",52,0,5,5,0,38,-0.2,0,0,0,0,5,0,0,49,0,463,8.9,8,78,0,1,0,0,0,2016,1,"Los Angeles Kings","950000",531,25,"C","LAK",60,6,3,9,-6,54,0.4,6,0,0,1,3,0,0,44,13.6,598,9.966666667,11,102,1,5,16.7,0,0,2015,1,"Los Angeles Kings","950000",2,-6,6,0,-3,1,3,"0",0.369318181818182
"Jordan Schroeder",453,26,"C","MIN",37,6,7,13,5,0,1.6,6,0,0,0,7,0,0,37,16.2,362,9.783333333,15,29,19,21,47.5,0,0,2017,1,"Minnesota Wild","RFA",640,25,"C","MIN",26,2,2,4,2,2,0.4,2,0,0,0,2,0,0,30,6.7,245,9.416666667,13,15,1,2,33.3,0,0,2016,1,"Minnesota Wild","RFA",560,24,"C","MIN",25,3,5,8,9,2,1.2,3,0,0,0,5,0,0,48,6.3,271,10.85,6,24,0,0,0,0,0,2015,1,"Minnesota Wild","RFA",-3,-1,-7,1,3,1,9,"1",0.155080213903743
"Jordin Tootoo",674,33,"RW","CHI",50,2,1,3,-6,28,-0.3,2,0,0,0,1,0,0,43,4.7,337,6.75,8,52,1,0,100,0,0,2017,1,"Chicago Blackhawks","700000",520,32,"RW","NJD",66,4,5,9,-26,102,-0.6,2,2,0,0,2,3,0,90,4.4,761,11.53333333,18,99,0,2,0,0,0,2016,1,"Chicago Blackhawks","700000",418,31,"RW","NJD",68,10,5,15,1,72,1.8,9,1,0,1,5,0,0,75,13.3,711,10.45,8,132,1,0,100,0,0,2015,1,"Chicago Blackhawks","700000",0,-6,-27,1,20,0,-6,"1",0.96045197740113
"Jori Lehtera",326,29,"C","STL",64,7,15,22,-6,34,1.4,7,0,0,1,12,3,0,67,10.4,971,15.18333333,29,64,409,423,49.2,0,0,2017,1,"St. Louis Blues","4700000",219,28,"C","STL",79,9,25,34,12,38,3.4,8,1,0,3,17,8,0,83,10.8,1271,16.08333333,26,43,485,484,50.1,0,0,2016,1,"St. Louis Blues","4700000",122,27,"C","STL",75,14,30,44,21,48,5.3,11,2,1,2,24,5,1,103,13.6,1216,16.21666667,34,42,541,513,51.3,0,0,2015,1,"St. Louis Blues","4700000",-5,-5,-9,0,-18,0,-12,"0",0.428571428571429
"Josh Anderson",247,22,"RW","CBJ",78,17,12,29,12,89,4,17,0,0,3,12,0,0,119,14.3,938,12.01666667,40,147,8,21,27.6,0,0,2017,1,"Columbus Blue Jackets","RFA",643,21,"RW","CBJ",12,1,3,4,0,2,0.3,1,0,0,0,3,0,0,11,9.1,128,10.7,4,40,0,0,0,0,0,2016,1,"Columbus Blue Jackets","RFA",735,20,"RW","CBJ",6,0,1,1,-1,2,-0.1,0,0,0,0,1,0,0,10,0,81,13.45,2,24,0,0,0,0,0,2015,1,"Columbus Blue Jackets","RFA",2,1,1,1,12,0,25,"1",0.135294117647059
"Josh Bailey",58,27,"RW","NYI",82,13,43,56,5,12,5.2,10,3,0,1,34,9,0,173,7.5,1506,18.36666667,53,37,8,7,53.3,0,0,2017,1,"New York Islanders","3300000",228,26,"RW","NYI",81,12,20,32,-7,22,2.5,8,4,0,2,19,1,0,105,11.4,1284,15.85,25,45,14,20,41.2,0,0,2016,1,"New York Islanders","3300000",144,25,"LW","NYI",70,15,26,41,3,12,4.3,13,2,0,1,24,2,0,140,10.7,1175,16.78333333,36,66,30,36,45.5,0,0,2015,1,"New York Islanders","3300000",-6,-3,-10,1,12,1,24,"1",0.602484472049689
"Josh Gorges",604,32,"D","BUF",66,1,5,6,-3,50,2.1,1,0,0,0,5,0,0,40,2.5,1218,18.45,108,143,0,1,0,0,0,2017,1,"Buffalo Sabres","3900000",467,31,"D","BUF",77,2,10,12,-7,72,3.1,2,0,0,0,10,0,0,57,3.5,1576,20.46666667,167,143,0,0,0,0,0,2016,1,"Buffalo Sabres","3900000",608,30,"D","BUF",46,0,6,6,-28,16,-0.3,0,0,0,0,5,0,1,28,0,1029,22.36666667,148,75,0,0,0,0,0,2015,1,"Buffalo Sabres","3900000",4,2,21,1,4,0,-6,"1",0.891566265060241
"Josh Jooris",480,26,"RW","TOT",54,4,8,12,-2,16,0.6,4,0,0,0,7,0,1,75,5.3,659,12.2,30,49,222,228,49.3,0,0,2017,1,"Arizona Coyotes","RFA",449,25,"C","CGY",59,4,9,13,-1,39,0.5,4,0,0,0,7,0,2,80,5,725,12.28333333,33,62,114,143,44.4,0,0,2016,1,"Arizona Coyotes","RFA",302,24,"RW","CGY",60,12,12,24,1,16,2.5,8,4,0,4,11,1,0,89,13.5,870,14.5,30,60,279,293,48.8,0,0,2015,1,"Arizona Coyotes","RFA",-3,-8,-2,0,-1,1,-1,"0",0.247252747252747
"Josh Manson",389,25,"D","ANA",82,5,12,17,14,82,5.3,4,0,1,1,11,0,1,88,5.7,1527,18.63333333,79,227,0,0,0,0,0,2017,1,"Anaheim Ducks","825000",412,24,"D","ANA",71,5,10,15,11,74,5,5,0,0,1,10,0,0,88,5.7,1334,18.78333333,67,158,0,0,0,0,0,2016,1,"Anaheim Ducks","825000",671,23,"D","ANA",28,0,3,3,1,31,0.7,0,0,0,0,3,0,0,26,0,516,18.43333333,24,44,0,0,0,0,0,2015,1,"Anaheim Ducks","825000",7,5,10,1,3,0,2,"1",0.430232558139535
"Jussi Jokinen",262,33,"LW","FLA",69,11,17,28,-15,39,1.9,6,4,1,2,11,6,0,118,9.3,1201,17.41666667,33,28,75,69,52.1,0,0,2017,1,"Florida Panthers","4000000",43,32,"LW","FLA",81,18,42,60,25,42,7.3,12,5,1,1,34,7,1,153,11.8,1482,18.28333333,50,43,135,127,51.5,0,0,2016,1,"Florida Panthers","4000000",125,31,"LW","FLA",81,8,36,44,-2,34,3.5,6,2,0,0,29,7,0,134,6,1356,16.73333333,50,52,126,124,50.4,0,0,2015,1,"Florida Panthers","4000000",6,10,27,0,-40,0,-32,"0",0.349726775956284
"Justin Falk",562,28,"D","BUF",52,0,8,8,-3,29,1.5,0,0,0,0,8,0,0,33,0,712,13.7,40,101,1,0,100,0,0,2017,1,"Buffalo Sabres","650000",653,27,"D","CBJ",24,0,4,4,2,17,0.9,0,0,0,0,4,0,0,16,0,341,14.23333333,38,37,0,0,0,0,0,2016,1,"Buffalo Sabres","650000",685,26,"D","TOT",18,1,1,2,-9,14,-0.3,1,0,0,0,1,0,0,18,5.6,195,10.81666667,19,12,0,0,0,0,0,2015,1,"Buffalo Sabres","650000",3,-1,11,0,-5,0,4,"0",0.286458333333333
"Jyrki Jokipakka",607,25,"D","TOT",41,1,5,6,-4,12,1.1,1,0,0,0,5,0,0,29,3.4,592,14.43333333,32,31,0,0,0,0,0,2017,1,"Ottawa Senators","RFA",468,24,"D","TOT",58,2,10,12,4,14,2.3,2,0,0,1,10,0,0,45,4.4,902,15.56666667,66,69,0,0,0,0,0,2016,1,"Ottawa Senators","RFA",530,23,"D","DAL",51,0,10,10,-2,8,1.3,0,0,0,0,10,0,0,40,0,842,16.51666667,66,42,0,0,0,0,0,2015,1,"Ottawa Senators","RFA",0,2,6,0,-8,0,-6,"0",0.28042328042328
"Kevin Connauton",744,26,"D","ARI",24,0,1,1,-1,24,0.4,0,0,0,0,1,0,0,21,0,315,13.13333333,22,48,0,0,0,0,0,2017,1,"Arizona Coyotes","1000000",382,25,"D","TOT",65,5,12,17,7,60,3.9,5,0,0,0,9,3,0,109,4.6,1088,16.73333333,58,100,0,0,0,0,0,2016,1,"Arizona Coyotes","1000000",340,24,"D","TOT",62,9,12,21,5,35,4.4,9,0,0,4,9,3,0,96,9.4,1005,16.21666667,48,83,0,0,0,0,0,2015,1,"Arizona Coyotes","1000000",0,-4,2,0,-8,0,-16,"0",0.0645161290322581
"Kevin Klein",441,32,"D","NYR",60,3,11,14,5,31,2.8,3,0,0,0,9,1,1,54,5.6,1058,17.63333333,123,135,0,0,0,0,0,2017,1,"New York Rangers","2900000",278,31,"D","NYR",69,9,17,26,16,19,6,9,0,0,4,16,1,0,69,13,1407,20.38333333,155,117,0,0,0,0,0,2016,1,"New York Rangers","2900000",284,30,"D","NYR",65,9,17,26,24,25,6.5,9,0,0,4,17,0,0,76,11.8,1202,18.48333333,115,126,0,1,0,0,0,2015,1,"New York Rangers","2900000",0,0,-8,0,-11,0,-12,"0",0.367647058823529
"Klas Dahlbeck",599,25,"D","CAR",43,2,4,6,-12,30,0.6,2,0,0,0,4,0,0,37,5.4,597,13.88333333,38,77,0,0,0,0,0,2017,1,"Carolina Hurricanes","850000",540,24,"D","ARI",71,2,6,8,-5,28,1.5,2,0,0,0,5,0,1,64,3.1,1117,15.73333333,76,178,0,0,0,0,0,2016,1,"Carolina Hurricanes","850000",639,23,"D","TOT",23,1,3,4,-8,8,0.4,1,0,0,0,3,0,0,20,5,406,17.66666667,46,64,0,0,0,0,0,2015,1,"Carolina Hurricanes","850000",3,1,3,0,-7,1,-2,"0",0.994871794871795
"Kyle Brodziak",418,32,"C","STL",69,8,7,15,2,27,1.4,8,0,0,2,7,0,0,55,14.5,773,11.2,39,56,323,330,49.5,0,0,2017,1,"St. Louis Blues","950000",474,31,"C","STL",76,7,4,11,-1,37,0.7,4,0,3,4,4,0,0,49,14.3,821,10.8,37,50,275,281,49.5,0,0,2016,1,"St. Louis Blues","950000",351,30,"C","MIN",73,9,11,20,-6,47,1.5,8,0,1,0,11,0,0,86,10.5,952,13.05,63,56,338,340,49.9,0,0,2015,1,"St. Louis Blues","950000",-7,-2,5,1,3,1,4,"1",0.587939698492462
"Kyle Clifford",473,26,"LW","LAK",73,6,6,12,-2,92,0.9,6,0,0,0,6,0,0,122,4.9,783,10.71666667,7,146,2,3,40,0,0,2017,1,"Los Angeles Kings","1600000",521,25,"LW","LAK",56,3,6,9,-1,55,0.4,3,0,0,0,6,0,0,68,4.4,524,9.35,11,111,3,4,42.9,0,0,2016,1,"Los Angeles Kings","1600000",423,24,"LW","LAK",80,6,9,15,5,87,1.2,6,0,0,1,9,0,0,117,5.1,859,10.73333333,14,200,2,4,33.3,0,0,2015,1,"Los Angeles Kings","1600000",-3,-3,-6,0,-1,0,3,"0",0.214285714285714
"Lance Bouma",571,26,"C","CGY",61,3,4,7,-2,35,-0.1,3,0,0,1,4,0,0,53,5.7,692,11.35,44,127,4,8,33.3,0,0,2017,1,"Calgary Flames","2200000",556,25,"C","CGY",44,2,5,7,-6,31,-0.2,2,0,0,0,3,0,2,49,4.1,530,12.03333333,42,110,5,8,38.5,0,0,2016,1,"Calgary Flames","2200000",199,24,"C","CGY",78,16,18,34,10,54,4.1,16,0,0,4,16,1,1,104,15.4,1093,14.01666667,82,264,29,45,39.2,0,0,2015,1,"Calgary Flames","2200000",-13,-14,-16,1,4,0,0,"1",0.807017543859649
"Lee Stempniak",163,33,"RW","CAR",82,16,24,40,2,32,4.3,14,2,0,2,20,4,0,131,12.2,1299,15.85,16,113,3,5,37.5,0,0,2017,1,"Carolina Hurricanes","2500000",88,32,"RW","TOT",82,19,32,51,4,38,6.1,15,3,1,4,23,9,0,146,13,1471,17.95,34,113,2,11,15.4,0,0,2016,1,"Carolina Hurricanes","2500000",255,31,"RW","TOT",71,15,13,28,8,20,3.6,15,0,0,3,12,1,0,115,13,903,12.71666667,23,77,13,19,40.6,0,0,2015,1,"Carolina Hurricanes","2500000",19,4,-4,0,-2,0,-11,"0",0.355670103092784
"Linden Vey",884,25,"RW","CGY",4,0,0,0,-2,0,-0.2,0,0,0,0,0,0,0,1,0,44,11.01666667,0,1,9,15,37.5,0,0,2017,1,"Calgary Flames","RFA",414,24,"RW","VAN",41,4,11,15,-14,6,0.6,1,3,0,0,9,2,0,40,10,646,15.75,9,4,193,256,43,0,0,2016,1,"Calgary Flames","RFA",303,23,"RW","VAN",75,10,14,24,-3,18,2,6,4,0,2,12,2,0,61,16.4,988,13.16666667,9,14,215,287,42.8,0,0,2015,1,"Calgary Flames","RFA",-3,-6,-11,1,12,0,-15,"1",0.936170212765957
"Luca Sbisa",464,27,"D","VAN",82,2,11,13,-1,40,3.7,2,0,0,1,11,0,0,75,2.7,1556,18.98333333,122,130,0,0,0,0,0,2017,1,"Vancouver Canucks","3600000",543,26,"D","VAN",41,2,6,8,5,26,2.4,2,0,0,1,5,0,1,29,6.9,712,17.38333333,58,71,0,0,0,0,0,2016,1,"Vancouver Canucks","3600000",505,25,"D","VAN",76,3,8,11,-8,46,2,3,0,0,2,8,0,0,79,3.8,1427,18.78333333,128,151,0,0,0,0,0,2015,1,"Vancouver Canucks","3600000",-2,-1,13,0,-6,0,5,"0",0.204419889502762
"Luke Glendening",438,27,"C","DET",74,3,11,14,-10,26,0,3,0,0,0,10,1,0,76,3.9,956,12.91666667,62,150,307,261,54,0,0,2017,1,"Detroit Red Wings","1800000",320,26,"C","DET",81,8,13,21,4,46,1.5,8,0,0,3,13,0,0,88,9.1,1181,14.58333333,71,143,614,511,54.6,0,0,2016,1,"Detroit Red Wings","1800000",382,25,"C","DET",82,12,6,18,5,34,1.6,11,1,0,2,6,0,0,104,11.5,1207,14.71666667,73,147,499,463,51.9,0,0,2015,1,"Detroit Red Wings","1800000",7,-4,-1,0,-14,0,-7,"0",0.333333333333333
"Magnus Paajarvi",447,25,"LW","STL",32,8,5,13,9,6,2.1,7,1,0,3,5,0,0,51,15.7,389,12.15,16,29,1,2,33.3,0,0,2017,1,"St. Louis Blues","RFA",525,24,"LW","STL",48,3,6,9,-9,8,0,3,0,0,1,6,0,0,88,3.4,617,12.85,16,44,0,2,0,0,0,2016,1,"St. Louis Blues","RFA",756,23,"LW","STL",10,0,1,1,-2,6,-0.1,0,0,0,0,0,1,0,9,0,98,9.8,0,8,1,0,100,0,0,2015,1,"St. Louis Blues","RFA",5,3,-7,1,18,1,4,"1",0.967391304347826
"Marc Methot",488,31,"D","OTT",68,0,12,12,13,24,3.9,0,0,0,0,12,0,0,69,0,1348,19.81666667,77,164,0,0,0,0,0,2017,1,"Ottawa Senators","4900000",460,30,"D","OTT",69,5,7,12,12,34,3.3,5,0,0,0,7,0,0,74,6.8,1425,20.65,90,124,0,0,0,0,0,2016,1,"Ottawa Senators","4900000",513,29,"D","OTT",45,1,10,11,22,18,3.9,1,0,0,0,10,0,0,49,2,1020,22.66666667,70,94,0,1,0,0,0,2015,1,"Ottawa Senators","4900000",-3,4,-10,1,1,1,0,"1",0.19047619047619
"Marco Scandella",459,26,"D","MIN",71,4,9,13,-2,25,2.3,4,0,0,0,9,0,0,88,4.5,1302,18.33333333,85,50,0,0,0,0,0,2017,1,"Minnesota Wild","4000000",327,25,"D","MIN",73,5,16,21,6,22,5,3,2,0,0,14,1,1,126,4,1511,20.7,105,66,0,0,0,0,0,2016,1,"Minnesota Wild","4000000",314,24,"D","MIN",64,11,12,23,8,56,5.9,10,1,0,4,7,4,1,112,9.8,1390,21.71666667,100,90,0,0,0,0,0,2015,1,"Minnesota Wild","4000000",4,-6,-2,0,-8,0,-8,"0",0.092896174863388
"Marcus Kruger",388,26,"C","CHI",70,5,12,17,7,34,0.9,5,0,0,0,12,0,0,83,6,981,14.01666667,62,31,357,370,49.1,0,0,2017,1,"Chicago Blackhawks","3083333",656,25,"C","CHI",41,0,4,4,-5,24,-0.7,0,0,0,0,4,0,0,50,0,554,13.51666667,31,25,233,241,49.2,0,0,2016,1,"Chicago Blackhawks","3083333",399,24,"C","CHI",81,7,10,17,-5,32,0.8,7,0,0,1,10,0,0,126,5.6,1060,13.08333333,50,29,357,313,53.3,0,0,2015,1,"Chicago Blackhawks","3083333",-6,-7,0,1,12,1,13,"1",0.861538461538462
"Marian Gaborik",334,34,"RW","LAK",56,10,11,21,-4,18,2.2,7,3,0,3,9,2,0,123,8.1,828,14.78333333,15,21,0,1,0,0,0,2017,1,"Los Angeles Kings","4875000",310,33,"RW","LAK",54,12,10,22,-6,20,2.2,11,1,0,3,7,3,0,142,8.5,807,14.95,17,29,1,2,33.3,0,0,2016,1,"Los Angeles Kings","4875000",100,32,"RW","LAK",69,27,20,47,7,16,6.7,16,11,0,2,13,7,0,174,15.5,1167,16.91666667,6,39,1,0,100,0,0,2015,1,"Los Angeles Kings","4875000",-10,-15,-13,1,2,0,-1,"1",0.902702702702703
"Mark Barberio",462,26,"D","TOT",60,2,11,13,-5,14,2.6,1,1,0,0,8,3,0,80,2.5,1096,18.26666667,55,20,0,0,0,0,0,2017,1,"Colorado Avalanche","750000",509,25,"D","MTL",30,2,8,10,0,6,1.7,2,0,0,0,8,0,0,32,6.3,450,15,18,12,0,0,0,0,0,2016,1,"Colorado Avalanche","750000",587,24,"D","TBL",52,1,6,7,-4,16,0.9,1,0,0,0,6,0,0,53,1.9,873,16.78333333,46,35,0,0,0,0,0,2015,1,"Colorado Avalanche","750000",2,1,4,0,-5,0,3,"0",0.325966850828729
"Mark Borowiecki",676,27,"D","OTT",70,1,2,3,-3,154,1.3,1,0,0,0,2,0,0,50,2,981,14.01666667,90,364,1,0,100,0,0,2017,1,"Ottawa Senators","1100000",691,26,"D","OTT",63,1,1,2,-4,107,0.2,1,0,0,0,1,0,0,27,3.7,922,14.63333333,99,271,0,1,0,0,0,2016,1,"Ottawa Senators","1100000",511,25,"D","OTT",63,1,10,11,15,107,3.3,1,0,0,0,10,0,0,30,3.3,1002,15.91666667,102,233,0,0,0,0,0,2015,1,"Ottawa Senators","1100000",-9,0,-19,1,1,1,1,"1",0.517241379310345
"Mark Fayne",711,29,"D","EDM",4,0,2,2,1,0,0.3,0,0,0,0,2,0,0,4,0,32,7.916666667,2,1,0,0,0,0,0,2017,1,"Edmonton Oilers","3625000",558,28,"D","EDM",69,2,5,7,-6,18,1.8,2,0,0,0,4,0,1,61,3.3,1153,16.71666667,100,53,0,0,0,0,0,2016,1,"Edmonton Oilers","3625000",563,27,"D","EDM",74,2,6,8,-21,14,0.8,2,0,0,0,4,0,2,78,2.6,1327,17.93333333,125,81,0,0,0,0,0,2015,1,"Edmonton Oilers","3625000",-1,0,15,1,7,1,-5,"1",0.9375
"Mark Stuart",644,32,"D","WPG",42,2,2,4,4,27,1.1,2,0,0,1,2,0,0,24,8.3,523,12.45,79,68,0,0,0,0,0,2017,1,"Winnipeg Jets","2625000",674,31,"D","WPG",64,1,2,3,-7,66,0.5,1,0,0,0,1,0,1,39,2.6,1046,16.35,120,162,0,0,0,0,0,2016,1,"Winnipeg Jets","2625000",455,30,"D","WPG",70,2,12,14,5,69,3.2,2,0,0,1,10,0,2,51,3.9,1345,19.21666667,142,166,0,1,0,0,0,2015,1,"Winnipeg Jets","2625000",-10,-1,-12,1,11,1,1,"1",0.959183673469388
"Marko Dano",494,22,"C","WPG",38,4,7,11,0,10,0.9,2,2,0,0,7,0,0,44,9.1,406,10.68333333,14,83,1,3,25,0,0,2017,1,"Winnipeg Jets","850000",497,21,"C","TOT",34,5,5,10,-7,10,0.7,5,0,0,0,4,1,0,54,9.3,417,12.25,15,62,2,4,33.3,0,0,2016,1,"Winnipeg Jets","850000",341,20,"C","CBJ",35,8,13,21,12,14,2.9,8,0,0,1,13,0,0,84,9.5,464,13.25,12,94,16,21,43.2,0,0,2015,1,"Winnipeg Jets","850000",-8,-3,-19,1,7,1,1,"1",0.856382978723404
"Martin Marincin",587,24,"D","TOR",25,1,6,7,3,16,1.4,1,0,0,0,5,0,1,22,4.5,451,18.05,27,25,0,0,0,0,0,2017,1,"Toronto Maple Leafs","1250000",565,23,"D","TOR",65,1,6,7,-3,34,1.8,1,0,0,0,6,0,0,55,1.8,1090,16.76666667,63,37,0,0,0,0,0,2016,1,"Toronto Maple Leafs","1250000",623,22,"D","EDM",41,1,4,5,-4,16,1.2,1,0,0,0,4,0,0,38,2.6,765,18.65,59,17,1,0,100,0,0,2015,1,"Toronto Maple Leafs","1250000",2,0,1,1,6,1,0,"1",0.351485148514851
"Matt Bartkowski",694,28,"D","CGY",24,1,1,2,-4,26,0.4,1,0,0,0,1,0,0,16,6.3,369,15.38333333,12,46,0,0,0,0,0,2017,1,"Calgary Flames","612500",364,27,"D","VAN",80,6,12,18,-19,50,2.9,6,0,0,0,12,0,0,85,7.1,1490,18.61666667,42,141,0,0,0,0,0,2016,1,"Calgary Flames","612500",648,26,"D","BOS",47,0,4,4,-6,37,0.7,0,0,0,0,4,0,0,67,0,796,16.93333333,24,88,0,0,0,0,0,2015,1,"Calgary Flames","612500",8,6,-13,1,15,0,-16,"1",0.900523560209424
"Matt Beleskey",553,28,"LW","BOS",49,3,5,8,-10,47,-0.2,3,0,0,0,3,2,0,79,3.8,650,13.26666667,18,98,29,41,41.4,0,0,2017,1,"Boston Bruins","3800000",185,27,"LW","BOS",80,15,22,37,6,65,3.9,12,3,0,1,18,4,0,168,8.9,1269,15.85,44,260,6,19,24,0,0,2016,1,"Boston Bruins","3800000",222,26,"LW","ANA",65,22,10,32,13,41,5,18,4,0,8,10,0,0,145,15.2,941,14.48333333,25,159,8,11,42.1,0,0,2015,1,"Boston Bruins","3800000",12,-7,-7,0,-16,0,-29,"0",0.312849162011173
"Matt Calvert",417,27,"LW","CBJ",65,10,5,15,-4,48,1.1,7,0,3,1,4,0,1,92,10.9,868,13.35,34,61,2,14,12.5,0,0,2017,1,"Columbus Blue Jackets","2200000",290,26,"LW","CBJ",73,11,13,24,1,51,2.1,10,1,0,1,13,0,0,114,9.6,1104,15.13333333,46,91,7,7,50,0,0,2016,1,"Columbus Blue Jackets","2200000",309,25,"LW","CBJ",56,13,10,23,1,28,2.5,13,0,0,3,9,0,1,93,14,896,16,20,92,6,4,60,0,0,2015,1,"Columbus Blue Jackets","2200000",3,-2,0,0,-5,0,-9,"0",0.177142857142857
"Matt Greene",698,33,"D","LAK",26,1,1,2,3,19,1.2,1,0,0,0,1,0,0,14,7.1,343,13.18333333,27,71,0,0,0,0,0,2017,1,"Los Angeles Kings","2500000",816,32,"D","LAK",3,0,0,0,0,8,0,0,0,0,0,0,0,0,3,0,35,11.75,1,5,0,0,0,0,0,2016,1,"Los Angeles Kings","2500000",540,31,"D","LAK",82,3,6,9,1,54,2.7,3,0,0,0,6,0,0,69,4.3,1296,15.8,129,209,0,0,0,0,0,2015,1,"Los Angeles Kings","2500000",-6,-3,-1,1,3,1,2,"1",0.438888888888889
"Matt Irwin",440,29,"D","NSH",74,3,11,14,15,26,4,3,0,0,1,9,0,2,98,3.1,1204,16.26666667,121,115,0,0,0,0,0,2017,1,"Nashville Predators","650000",823,28,"D","BOS",2,0,0,0,-5,0,-0.4,0,0,0,0,0,0,0,3,0,30,14.93333333,0,1,0,0,0,0,0,2016,1,"Nashville Predators","650000",373,27,"D","SJS",53,8,11,19,3,18,4.1,7,1,0,1,9,2,0,93,8.6,902,17.01666667,65,55,0,0,0,0,0,2015,1,"Nashville Predators","650000",-11,-8,-8,1,20,1,14,"1",0.834170854271357
"Matt Moulson",234,33,"LW","BUF",81,14,18,32,-4,10,3.5,3,11,0,2,11,7,0,134,10.4,940,11.6,18,37,1,3,25,0,0,2017,1,"Buffalo Sabres","5000000",321,32,"LW","BUF",81,8,13,21,-5,16,1.7,6,2,0,1,8,5,0,111,7.2,964,11.9,23,45,0,5,0,0,0,2016,1,"Buffalo Sabres","5000000",146,31,"LW","BUF",77,13,28,41,-11,4,3.6,10,3,0,2,20,8,0,156,8.3,1362,17.68333333,49,34,13,9,59.1,0,0,2015,1,"Buffalo Sabres","5000000",-15,-5,6,1,1,1,11,"1",0.901162790697674
"Matt Puempel",525,24,"LW","TOT",40,6,3,9,-11,11,0.5,3,3,0,1,3,0,0,44,13.6,386,9.65,12,28,0,1,0,0,0,2017,1,"New York Rangers","725000",661,23,"LW","OTT",26,2,1,3,-3,9,-0.1,2,0,0,1,1,0,0,26,7.7,295,11.33333333,10,18,1,1,50,0,0,2016,1,"New York Rangers","725000",658,22,"LW","OTT",13,2,1,3,6,8,0.6,2,0,0,0,1,0,0,14,14.3,104,8.033333333,1,9,0,1,0,0,0,2015,1,"New York Rangers","725000",0,0,-9,0,-8,1,6,"0",0.518518518518518
"Matt Read",354,30,"RW","PHI",63,10,9,19,3,8,2,7,2,1,2,9,0,0,92,10.9,869,13.8,32,95,5,10,33.3,0,0,2017,1,"Philadelphia Flyers","3625000",275,29,"RW","PHI",79,11,15,26,-5,27,1.9,9,2,0,2,10,5,0,127,8.7,1205,15.25,60,81,24,26,48,0,0,2016,1,"Philadelphia Flyers","3625000",245,28,"RW","PHI",80,8,22,30,-4,14,1.6,6,2,0,2,18,3,1,142,5.6,1405,17.56666667,55,108,11,10,52.4,0,0,2015,1,"Philadelphia Flyers","3625000",-7,3,-1,1,8,1,-7,"1",0.759358288770054
"Matt Stajan",320,33,"C","CGY",81,6,17,23,3,40,1.6,6,0,0,3,15,0,2,59,10.2,1027,12.68333333,39,60,385,383,50.1,0,0,2017,1,"Calgary Flames","3125000",380,32,"C","CGY",80,6,11,17,-4,52,0.5,4,0,2,0,10,0,1,58,10.3,1016,12.7,45,77,373,415,47.3,0,0,2016,1,"Calgary Flames","3125000",400,31,"C","CGY",59,7,10,17,7,28,1.7,7,0,0,0,9,0,1,46,15.2,708,12,21,72,306,307,49.9,0,0,2015,1,"Calgary Flames","3125000",1,-1,-11,1,7,1,6,"1",0.716577540106952
"Michael Chaput",530,24,"C","VAN",68,4,5,9,-12,29,-0.1,4,0,0,0,5,0,0,64,6.3,750,11.01666667,29,68,203,182,52.7,0,0,2017,1,"Vancouver Canucks","RFA",693,23,"C","CBJ",8,1,1,2,3,5,0.3,1,0,0,0,1,0,0,10,10,72,9,3,13,49,26,65.3,0,0,2016,1,"Vancouver Canucks","RFA",622,22,"C","CBJ",33,1,4,5,-8,21,-0.3,1,0,0,0,4,0,0,23,4.3,337,10.2,20,59,143,151,48.6,0,0,2015,1,"Vancouver Canucks","RFA",-3,0,11,0,-15,0,7,"0",0.204419889502762
"Michael Grabner",159,29,"RW","NYR",76,27,13,40,22,10,6.3,26,0,1,3,11,0,2,162,16.7,1071,14.1,34,41,7,6,53.8,0,0,2017,1,"New York Rangers","1650000",358,28,"RW","TOR",80,9,9,18,-4,12,1,8,0,1,2,9,0,0,116,7.8,1158,14.46666667,55,41,3,10,23.1,0,0,2016,1,"New York Rangers","1650000",457,27,"RW","NYI",34,8,5,13,4,4,1.7,8,0,0,0,5,0,0,63,12.7,440,12.93333333,21,62,0,2,0,0,0,2015,1,"New York Rangers","1650000",4,1,-8,1,26,1,22,"1",0.561111111111111
"Michael Raffl",490,28,"LW","PHI",52,8,3,11,-7,20,0.7,8,0,0,3,3,0,0,63,12.7,690,13.26666667,22,91,3,7,30,0,0,2017,1,"Philadelphia Flyers","2350000",233,27,"LW","PHI",82,13,18,31,9,30,3.4,12,1,0,4,17,1,0,132,9.8,1173,14.3,34,135,33,49,40.2,0,0,2016,1,"Philadelphia Flyers","2350000",254,26,"LW","PHI",67,21,7,28,6,34,4,18,2,1,2,7,0,0,134,15.7,951,14.2,46,172,44,53,45.4,0,0,2015,1,"Philadelphia Flyers","2350000",11,-8,3,0,-16,0,-20,"0",0.162303664921466
"Michael Sgarbossa",538,24,"C","TOT",38,2,7,9,-5,9,0.4,1,1,0,0,6,1,0,33,6.1,424,11.15,16,39,138,176,43.9,0,0,2017,1,"Florida Panthers","RFA",873,23,"C","ANA",1,0,0,0,0,0,0,0,0,0,0,0,0,0,0,0,8,8.35,2,0,2,2,50,0,0,2016,1,"Florida Panthers","RFA",767,22,"C","COL",3,0,1,1,0,10,0.1,0,0,0,0,1,0,0,2,0,21,7.1,1,0,9,11,45,0,0,2015,1,"Florida Panthers","RFA",-1,0,0,0,-5,1,9,"0",0.779569892473118
"Michal Rozsival",679,38,"D","CHI",22,1,2,3,-3,14,0.4,1,0,0,1,2,0,0,16,6.3,341,15.5,25,47,0,0,0,0,0,2017,1,"Chicago Blackhawks","650000",452,37,"D","CHI",51,1,12,13,3,33,2.5,1,0,0,0,9,2,1,41,2.4,824,16.16666667,63,81,0,0,0,0,0,2016,1,"Chicago Blackhawks","650000",478,36,"D","CHI",65,1,12,13,0,22,2.7,1,0,0,0,12,0,0,56,1.8,1106,17.01666667,87,103,0,0,0,0,0,2015,1,"Chicago Blackhawks","650000",0,0,3,0,-6,0,-10,"0",0.434065934065934
"Miikka Salomaki",869,23,"RW","NSH",5,0,0,0,-1,2,-0.1,0,0,0,0,0,0,0,3,0,61,12.21666667,9,14,0,0,0,0,0,2017,1,"Nashville Predators","612500",499,22,"RW","NSH",61,5,5,10,-1,28,0.4,5,0,0,1,4,0,1,61,8.2,732,12,30,164,2,1,66.7,0,0,2016,1,"Nashville Predators","612500",730,21,"RW","NSH",1,1,0,1,1,0,0.3,1,0,0,0,0,0,0,4,25,11,10.81666667,1,7,0,0,0,0,0,2015,1,"Nashville Predators","612500",5,4,-2,0,0,0,-10,"0",0.530054644808743
"Mike Blunden",782,30,"RW","OTT",2,0,0,0,0,4,0,0,0,0,0,0,0,0,1,0,16,8.116666667,0,6,0,0,0,0,0,2017,1,"Ottawa Senators","737500",604,29,"RW","TBL",20,3,2,5,3,34,0.8,3,0,0,1,2,0,0,14,21.4,173,8.65,3,41,0,0,0,0,0,2016,1,"Ottawa Senators","737500",788,28,"RW","TBL",2,0,0,0,-1,2,-0.1,0,0,0,0,0,0,0,0,0,20,9.783333333,0,7,0,0,0,0,0,2015,1,"Ottawa Senators","737500",2,3,4,0,-3,0,-5,"0",0.271739130434783
"Mike Cammalleri",240,34,"LW","NJD",61,10,21,31,-9,21,2.8,9,1,0,3,12,9,0,142,7,1059,17.35,14,44,17,11,60.7,0,0,2017,1,"New Jersey Devils","5000000",179,33,"LW","NJD",42,14,24,38,15,18,5.6,11,3,0,1,17,7,0,101,13.9,810,19.28333333,13,15,7,7,50,0,0,2016,1,"New Jersey Devils","5000000",134,32,"LW","NJD",68,27,15,42,2,28,6,16,9,2,8,13,2,0,156,17.3,1247,18.33333333,19,29,114,157,42.1,0,0,2015,1,"New Jersey Devils","5000000",9,-13,13,0,-24,0,-7,"0",0.478723404255319
"Mikhail Grigorenko",315,22,"C","COL",75,10,13,23,-14,18,1.6,10,0,0,0,9,4,0,85,11.8,1057,14.08333333,26,27,111,81,57.8,0,0,2017,1,"Colorado Avalanche","RFA",271,21,"C","COL",74,6,21,27,2,8,2.2,5,1,0,0,18,3,0,84,7.1,982,13.26666667,39,23,150,199,43,0,0,2016,1,"Colorado Avalanche","RFA",598,20,"C","BUF",25,3,3,6,-10,2,0,2,1,0,0,2,1,0,35,8.6,379,15.16666667,15,28,153,173,46.9,0,0,2015,1,"Colorado Avalanche","RFA",18,3,12,0,-16,0,-4,"0",0.585858585858586
"Mikkel Boedker",282,27,"LW","SJS",81,10,16,26,0,10,2.1,9,0,1,2,15,1,0,122,8.2,1162,14.35,34,71,5,13,27.8,0,0,2017,1,"San Jose Sharks","4000000",89,26,"LW","TOT",80,17,34,51,-33,12,3.8,14,3,0,5,18,16,0,166,10.2,1481,18.5,31,50,1,2,33.3,0,0,2016,1,"San Jose Sharks","4000000",257,25,"LW","ARI",45,14,14,28,-10,6,3.2,11,3,0,2,5,9,0,79,17.7,787,17.48333333,9,66,0,2,0,0,0,2015,1,"San Jose Sharks","4000000",20,3,-23,1,33,0,-25,"1",0.379120879120879
"Nail Yakupov",534,23,"RW","STL",40,3,6,9,-3,14,0.5,3,0,0,0,6,0,0,35,8.6,426,10.65,8,32,0,0,0,0,0,2017,1,"St. Louis Blues","RFA",304,22,"RW","EDM",60,8,15,23,-16,24,1.5,7,1,0,1,10,5,0,127,6.3,853,14.21666667,21,54,0,1,0,0,0,2016,1,"St. Louis Blues","RFA",217,21,"RW","EDM",81,14,19,33,-35,18,1.9,9,5,0,1,14,5,0,191,7.3,1251,15.45,28,97,0,1,0,0,0,2015,1,"St. Louis Blues","RFA",-4,-6,19,1,13,0,-14,"1",0.893048128342246
"Nate Schmidt",396,25,"D","WSH",60,3,14,17,22,16,4.5,3,0,0,0,13,0,1,60,5,929,15.48333333,37,51,0,0,0,0,0,2017,1,"Washington Capitals","RFA",402,24,"D","WSH",72,2,14,16,12,16,4,2,0,0,1,14,0,0,80,2.5,1301,18.06666667,111,69,0,0,0,0,0,2016,1,"Washington Capitals","RFA",646,23,"D","WSH",39,1,3,4,-2,10,0.8,1,0,0,0,3,0,0,40,2.5,542,13.88333333,33,34,0,0,0,0,0,2015,1,"Washington Capitals","RFA",11,1,14,1,10,1,1,"1",0.252941176470588
"Nick Shore",386,24,"C","LAK",70,6,11,17,-2,20,1.3,5,0,1,1,11,0,0,79,7.6,895,12.78333333,22,58,362,359,50.2,0,0,2017,1,"Los Angeles Kings","RFA",507,23,"C","LAK",68,3,7,10,-10,32,-0.4,3,0,0,1,5,2,0,90,3.3,844,12.4,17,97,384,357,51.8,0,0,2016,1,"Los Angeles Kings","RFA",591,22,"C","LAK",34,1,6,7,0,10,0.3,1,0,0,0,5,1,0,33,3,377,11.08333333,14,51,127,109,53.8,0,0,2015,1,"Los Angeles Kings","RFA",1,2,-10,1,8,1,7,"1",0.962765957446808
"Nicolas Deslauriers",709,25,"LW","BUF",42,0,2,2,-6,38,-0.5,0,0,0,0,2,0,0,26,0,311,7.416666667,5,109,0,3,0,0,0,2017,1,"Buffalo Sabres","775000",455,24,"LW","BUF",70,6,6,12,-14,59,0.4,6,0,0,1,6,0,0,72,8.3,723,10.33333333,30,206,0,1,0,0,0,2016,1,"Buffalo Sabres","775000",425,23,"LW","BUF",82,5,10,15,-24,71,-0.2,5,0,0,1,9,0,1,76,6.6,973,11.86666667,36,261,0,1,0,0,0,2015,1,"Buffalo Sabres","775000",-4,1,10,1,8,0,-10,"1",0.932960893854749
"Niklas Kronwall",463,36,"D","DET",57,2,11,13,-7,32,2.3,2,0,0,0,5,6,0,67,3,1109,19.45,81,77,0,0,0,0,0,2017,1,"Detroit Red Wings","4750000",279,35,"D","DET",64,3,23,26,-21,30,3.1,3,0,0,2,9,14,0,61,4.9,1409,22.01666667,81,93,0,0,0,0,0,2016,1,"Detroit Red Wings","4750000",124,34,"D","DET",80,9,35,44,-4,40,7.2,6,3,0,1,15,20,0,101,8.9,1907,23.83333333,106,91,1,0,100,0,0,2015,1,"Detroit Red Wings","4750000",-12,-6,-17,1,14,0,-13,"1",0.734375
"Nikolai Kulemin",313,30,"LW","NYI",72,12,11,23,3,18,2.2,10,1,1,4,9,1,1,74,16.2,995,13.81666667,45,78,14,13,51.9,0,0,2017,1,"New York Islanders","4187500",313,29,"LW","NYI",81,9,13,22,13,22,2.1,9,0,0,3,13,0,0,92,9.8,1139,14.06666667,50,107,23,36,39,0,0,2016,1,"New York Islanders","4187500",232,28,"LW","NYI",82,15,16,31,7,21,3.3,12,0,3,0,15,0,1,115,13,1219,14.86666667,58,129,7,17,29.2,0,0,2015,1,"New York Islanders","4187500",-3,-6,6,0,-10,1,1,"0",0.23728813559322
"Oscar Lindberg",345,25,"C","NYR",65,8,12,20,2,32,1.8,8,0,0,1,11,1,0,86,9.3,704,10.83333333,36,94,299,276,52,0,0,2017,1,"New York Rangers","RFA",256,24,"C","NYR",68,13,15,28,12,43,3.6,12,1,0,2,13,2,0,114,11.4,828,12.18333333,36,132,134,143,48.4,0,0,2016,1,"New York Rangers","RFA",835,23,"C","NYR",1,0,0,0,0,0,0,0,0,0,0,0,0,0,2,0,8,8.3,0,3,2,3,40,0,0,2015,1,"New York Rangers","RFA",15,13,12,0,-10,0,-8,"0",0.324022346368715
"Patrick Wiercioch",482,26,"D","COL",57,4,8,12,-18,23,1.5,4,0,0,0,8,0,0,63,6.3,950,16.66666667,57,52,1,0,100,0,0,2017,1,"Colorado Avalanche","RFA",624,25,"D","OTT",52,0,5,5,2,24,0.9,0,0,0,0,3,2,0,56,0,902,17.33333333,56,53,0,0,0,0,0,2016,1,"Colorado Avalanche","RFA",475,24,"D","OTT",56,3,10,13,3,28,2.7,2,1,0,2,6,4,0,79,3.8,1011,18.05,44,50,0,0,0,0,0,2015,1,"Colorado Avalanche","RFA",-5,-3,-1,0,-20,1,7,"0",0.294444444444444
"Patrik Nemeth",685,24,"D","DAL",40,0,3,3,-4,14,0.3,0,0,0,0,3,0,0,46,0,631,15.78333333,47,45,0,0,0,0,0,2017,1,"Dallas Stars","RFA",546,23,"D","DAL",38,0,8,8,-1,14,1,0,0,0,0,7,1,0,36,0,594,15.61666667,47,58,0,0,0,0,0,2016,1,"Dallas Stars","RFA",672,22,"D","DAL",22,0,3,3,0,6,0.5,0,0,0,0,3,0,0,16,0,357,16.21666667,21,28,0,0,0,0,0,2015,1,"Dallas Stars","RFA",5,0,-1,0,-3,0,-5,"0",0.420512820512821
"Paul Martin",286,35,"D","SJS",81,4,22,26,10,20,5.8,4,0,0,1,22,0,0,57,7,1557,19.23333333,124,41,0,0,0,0,0,2017,1,"San Jose Sharks","4850000",340,34,"D","SJS",78,3,17,20,13,22,5.1,2,1,0,0,16,1,0,49,6.1,1617,20.73333333,123,54,0,0,0,0,0,2016,1,"San Jose Sharks","4850000",366,33,"D","PIT",74,3,17,20,17,20,5.7,3,0,0,0,16,1,0,61,4.9,1687,22.78333333,139,60,0,0,0,0,0,2015,1,"San Jose Sharks","4850000",0,0,-4,0,-3,1,6,"0",0.58974358974359
"Peter Holland",477,26,"C","TOT",48,5,7,12,-16,22,0.2,4,1,0,0,7,0,0,79,6.3,612,12.75,9,37,228,274,45.4,0,0,2017,1,"Arizona Coyotes","RFA",269,25,"C","TOR",65,9,18,27,-16,28,1.8,4,5,0,1,12,6,0,138,6.5,953,14.66666667,19,78,216,249,46.5,0,0,2016,1,"Arizona Coyotes","RFA",289,24,"C","TOR",62,11,14,25,0,31,2.7,9,1,1,3,11,2,1,93,11.8,900,14.51666667,21,99,312,373,45.5,0,0,2015,1,"Arizona Coyotes","RFA",4,-2,-16,0,0,0,-15,"0",0.936507936507937
"Petter Granberg",805,24,"D","NSH",10,0,0,0,0,10,0.1,0,0,0,0,0,0,0,4,0,96,9.633333333,9,17,0,0,0,0,0,2017,1,"Nashville Predators","612500",713,23,"D","NSH",27,0,2,2,1,13,0.7,0,0,0,0,2,0,0,12,0,370,13.71666667,26,48,0,0,0,0,0,2016,1,"Nashville Predators","612500",818,22,"D","TOR",7,0,0,0,1,6,0.2,0,0,0,0,0,0,0,1,0,80,11.45,7,16,0,0,0,0,0,2015,1,"Nashville Predators","612500",2,0,0,0,-1,0,-2,"0",0.195767195767196
"Petteri Lindbohm",832,23,"D","STL",7,0,0,0,-4,4,-0.2,0,0,0,0,0,0,0,10,0,91,12.98333333,5,10,0,0,0,0,0,2017,1,"St. Louis Blues","RFA",837,22,"D","STL",10,0,0,0,-4,7,-0.2,0,0,0,0,0,0,0,9,0,138,13.78333333,11,14,0,0,0,0,0,2016,1,"St. Louis Blues","RFA",656,21,"D","STL",23,2,1,3,-1,26,0.8,2,0,0,0,1,0,0,32,6.3,358,15.56666667,22,26,0,0,0,0,0,2015,1,"St. Louis Blues","RFA",-1,-2,-3,0,0,0,0,"0",0.771428571428571
"Pierre-Edouard Bellemare",547,31,"LW","PHI",82,4,4,8,-1,20,-0.4,4,0,0,0,3,0,1,90,4.4,1064,12.96666667,70,73,400,429,48.3,0,0,2017,1,"Philadelphia Flyers","1450000",423,30,"LW","PHI",74,7,7,14,-8,27,0.4,6,0,1,1,6,0,1,102,6.9,1004,13.56666667,61,65,272,307,47,0,0,2016,1,"Philadelphia Flyers","1450000",484,29,"LW","PHI",81,6,6,12,-3,18,0.1,6,0,0,1,6,0,0,113,5.3,1039,12.83333333,61,121,360,395,47.7,0,0,2015,1,"Philadelphia Flyers","1450000",1,1,-5,1,7,0,-6,"1",0.983783783783784
"Reid Boucher",505,23,"C","TOT",39,6,4,10,-6,8,0.9,5,1,0,0,4,0,0,70,8.6,465,11.93333333,14,19,0,1,0,0,0,2017,1,"Vancouver Canucks","RFA",345,22,"LW","NJD",39,8,11,19,-13,6,1.8,6,2,0,4,7,4,0,74,10.8,557,14.26666667,14,32,1,2,33.3,0,0,2016,1,"Vancouver Canucks","RFA",713,21,"LW","NJD",11,1,0,1,-4,0,-0.1,1,0,0,0,0,0,0,20,5,123,11.13333333,5,9,0,0,0,0,0,2015,1,"Vancouver Canucks","RFA",11,7,-9,1,7,0,-9,"1",0.916666666666667
"Reilly Smith",188,25,"RW","FLA",80,15,22,37,-13,17,3.1,8,6,1,3,17,5,0,160,9.4,1468,18.35,34,75,3,3,50,0,0,2017,1,"Florida Panthers","5000000",95,24,"RW","FLA",82,25,25,50,19,31,6.6,20,5,0,3,18,6,1,173,14.5,1526,18.61666667,39,85,0,2,0,0,0,2016,1,"Florida Panthers","5000000",152,23,"RW","BOS",81,13,27,40,7,20,4.1,12,1,0,0,17,10,0,143,9.1,1247,15.4,39,74,2,5,28.6,0,0,2015,1,"Florida Panthers","5000000",-2,12,12,0,-32,0,-13,"0",0.223880597014925
"Riley Sheahan",465,25,"C","DET",80,2,11,13,-29,14,-1.2,1,1,0,0,9,2,0,109,1.8,1118,13.96666667,38,81,236,230,50.6,0,0,2017,1,"Detroit Red Wings","2075000",281,24,"C","DET",81,14,11,25,-8,12,2.1,10,3,1,2,10,1,0,128,10.9,1234,15.23333333,40,72,358,424,45.8,0,0,2016,1,"Detroit Red Wings","2075000",186,23,"C","DET",79,13,23,36,-3,16,3.3,8,5,0,0,17,6,0,123,10.6,1236,15.65,20,21,484,479,50.3,0,0,2015,1,"Detroit Red Wings","2075000",-12,1,-5,0,-21,0,-12,"0",0.836158192090395
"Robert Bortuzzo",649,27,"D","STL",38,1,3,4,11,15,2,1,0,0,0,3,0,0,45,2.2,535,14.08333333,50,77,0,0,0,0,0,2017,1,"St. Louis Blues","1150000",659,26,"D","STL",40,2,1,3,2,52,1.3,2,0,0,0,1,0,0,47,4.3,531,13.26666667,42,93,0,0,0,0,0,2016,1,"St. Louis Blues","1150000",556,25,"D","TOT",51,3,5,8,-9,93,1.2,3,0,0,0,5,0,0,56,5.4,771,15.11666667,61,157,1,0,100,0,0,2015,1,"St. Louis Blues","1150000",-4,-1,11,1,9,1,1,"1",0.183783783783784
"Ryan Strome",243,23,"RW","NYI",69,13,17,30,-8,40,2.6,11,2,0,2,11,6,0,114,11.4,1008,14.6,21,59,147,197,42.7,0,0,2017,1,"New York Islanders","2500000",262,22,"RW","NYI",71,8,20,28,-9,28,1.8,7,1,0,0,17,3,0,132,6.1,1112,15.65,19,77,39,56,41.1,0,0,2016,1,"New York Islanders","2500000",88,21,"C","NYI",81,17,33,50,23,47,6.3,15,1,1,2,26,7,0,179,9.5,1247,15.4,21,92,149,170,46.7,0,0,2015,1,"New York Islanders","2500000",-13,-9,-32,1,1,1,2,"1",0.664670658682635
"Sami Vatanen",310,25,"D","ANA",71,3,21,24,3,30,4.9,1,2,0,0,9,12,0,117,2.6,1538,21.66666667,128,75,0,0,0,0,0,2017,1,"Anaheim Ducks","4875000",181,24,"D","ANA",71,9,29,38,8,20,8,5,4,0,2,14,15,0,140,6.4,1513,21.31666667,105,85,0,0,0,0,0,2016,1,"Anaheim Ducks","4875000",177,23,"D","ANA",67,12,25,37,5,36,6.7,4,7,1,1,15,10,0,122,9.8,1438,21.46666667,123,75,1,1,50,0,0,2015,1,"Anaheim Ducks","4875000",4,-3,3,0,-5,0,-14,"0",0.166666666666667
"Scott Harrington",678,23,"D","CBJ",22,1,2,3,3,10,0.9,1,0,0,0,2,0,0,16,6.3,286,13,24,21,0,0,0,0,0,2017,1,"Columbus Blue Jackets","675000",760,22,"D","TOR",15,0,1,1,0,4,0.3,0,0,0,0,1,0,0,9,0,196,13.1,16,23,0,0,0,0,0,2016,1,"Columbus Blue Jackets","675000",822,21,"D","PIT",10,0,0,0,-10,4,-0.7,0,0,0,0,0,0,0,9,0,158,15.8,10,12,0,0,0,0,0,2015,1,"Columbus Blue Jackets","675000",1,0,10,1,3,1,2,"1",0.145161290322581
"Scott Wilson",284,24,"LW","PIT",78,8,18,26,0,32,2,8,0,0,1,18,0,0,127,6.3,854,10.95,31,167,3,0,100,0,0,2017,1,"Pittsburgh Penguins","625000",575,23,"LW","PIT",24,5,1,6,0,12,0.8,5,0,0,1,1,0,0,39,12.8,256,10.68333333,6,38,0,0,0,0,0,2016,1,"Pittsburgh Penguins","625000",876,22,"C","PIT",1,0,0,0,0,0,0,0,0,0,0,0,0,0,0,0,4,4.35,0,0,0,0,0,0,0,2015,1,"Pittsburgh Penguins","625000",1,5,0,0,0,1,20,"0",0.321428571428571
"Seth Griffith",629,24,"C","TOT",24,0,5,5,6,8,0.3,0,0,0,0,4,1,0,21,0,306,12.73333333,5,30,2,6,25,0,0,2017,1,"Toronto Maple Leafs","RFA",758,23,"C","BOS",4,0,1,1,-4,4,-0.1,0,0,0,0,0,1,0,2,0,40,9.966666667,0,4,0,0,0,0,0,2016,1,"Toronto Maple Leafs","RFA",514,22,"C","BOS",30,6,4,10,-2,6,1,5,1,0,1,2,2,0,33,18.2,403,13.45,13,14,3,6,33.3,0,0,2015,1,"Toronto Maple Leafs","RFA",-3,-6,-2,1,10,0,4,"1",0.574257425742574
"Shane Prince",372,24,"LW","NYI",50,5,13,18,-9,18,1,4,1,0,2,11,2,0,71,7,649,12.96666667,12,36,4,3,57.1,0,0,2017,1,"New York Islanders","850000",379,23,"LW","TOT",62,6,11,17,5,10,1.6,6,0,0,1,11,0,0,88,6.8,696,11.23333333,14,24,4,1,80,0,0,2016,1,"New York Islanders","850000",759,22,"LW","OTT",2,0,1,1,1,0,0.1,0,0,0,0,1,0,0,2,0,21,10.48333333,0,2,0,0,0,0,0,2015,1,"New York Islanders","850000",10,6,4,0,-14,1,1,"0",0.147540983606557
"Shawn Matthias",469,28,"LW","WPG",45,8,4,12,0,13,1.1,7,0,1,1,4,0,0,51,15.7,610,13.56666667,19,47,5,11,31.3,0,0,2017,1,"Winnipeg Jets","2125000",257,27,"C","TOT",71,12,16,28,-17,20,2.2,12,0,0,2,15,0,1,101,11.9,959,13.51666667,39,68,9,15,37.5,0,0,2016,1,"Winnipeg Jets","2125000",263,26,"C","VAN",78,18,9,27,-3,16,3.2,17,1,0,0,8,0,1,132,13.6,1022,13.1,33,65,85,102,45.5,0,0,2015,1,"Winnipeg Jets","2125000",7,-6,-14,1,17,0,-16,"1",0.925714285714286
"Slater Koekkoek",661,22,"D","TBL",29,0,4,4,-4,8,0.5,0,0,0,0,4,0,0,27,0,377,12.98333333,27,25,0,0,0,0,0,2017,1,"Tampa Bay Lightning","RFA",765,21,"D","TBL",9,0,1,1,-1,2,0.1,0,0,0,0,1,0,0,11,0,93,10.31666667,5,6,0,0,0,0,0,2016,1,"Tampa Bay Lightning","RFA",832,20,"D","TBL",3,0,0,0,0,2,0,0,0,0,0,0,0,0,6,0,50,16.58333333,3,2,0,0,0,0,0,2015,1,"Tampa Bay Lightning","RFA",1,0,-1,0,-3,0,3,"0",0.46195652173913
"Stefan Noesen",503,23,"RW","TOT",44,8,2,10,6,24,1.6,8,0,0,0,2,0,0,63,12.7,490,11.13333333,10,50,26,41,38.8,0,0,2017,1,"New Jersey Devils","RFA",852,22,"RW","ANA",1,0,0,0,0,0,0,0,0,0,0,0,0,0,0,0,10,10.03333333,0,3,0,0,0,0,0,2016,1,"New Jersey Devils","RFA",844,21,"RW","ANA",1,0,0,0,0,0,0,0,0,0,0,0,0,0,0,0,7,6.9,1,0,0,0,0,0,0,2015,1,"New Jersey Devils","RFA",0,0,0,1,6,1,10,"1",0.274611398963731
"Steven Kampfer",700,28,"D","TOT",11,1,1,2,-2,6,0.2,1,0,0,0,1,0,0,10,10,146,13.25,10,24,0,0,0,0,0,2017,1,"New York Rangers","650000",655,27,"D","FLA",47,0,4,4,5,26,1.2,0,0,0,0,3,1,0,54,0,709,15.1,70,70,1,1,50,0,0,2016,1,"New York Rangers","650000",634,26,"D","FLA",25,2,2,4,-4,12,0.7,2,0,0,1,1,1,0,28,7.1,430,17.2,33,49,0,0,0,0,0,2015,1,"New York Rangers","650000",2,-2,9,0,-7,1,-2,"0",0.193181818181818
"Taylor Beck",780,25,"LW","TOT",5,0,0,0,-3,4,-0.2,0,0,0,0,0,0,0,5,0,44,8.816666667,0,5,0,1,0,0,0,2017,1,"New York Rangers","RFA",790,24,"LW","NYI",2,0,0,0,0,2,0,0,0,0,0,0,0,0,0,0,17,8.483333333,0,6,0,0,0,0,0,2016,1,"New York Rangers","RFA",410,23,"LW","NSH",62,8,8,16,-4,18,1.2,6,2,0,3,8,0,0,78,10.3,740,11.93333333,23,61,5,5,50,0,0,2015,1,"New York Rangers","RFA",-8,-8,4,0,-3,0,0,"0",0.553191489361702
"Taylor Chorney",621,29,"D","WSH",18,1,4,5,8,11,1.5,1,0,0,1,4,0,0,19,5.3,257,14.26666667,29,27,0,0,0,0,0,2017,1,"Washington Capitals","800000",593,28,"D","WSH",55,1,5,6,8,21,2,1,0,0,0,5,0,0,28,3.6,726,13.18333333,58,56,0,0,0,0,0,2016,1,"Washington Capitals","800000",798,27,"D","PIT",7,0,0,0,-1,0,0,0,0,0,0,0,0,0,4,0,85,12.16666667,3,5,0,0,0,0,0,2015,1,"Washington Capitals","800000",5,1,9,0,0,1,-1,"0",0.0701754385964912
"Teemu Pulkkinen",692,25,"LW","TOT",13,2,0,2,-2,6,0.1,2,0,0,0,0,0,0,10,20,124,9.5,3,4,0,1,0,0,0,2017,1,"Arizona Coyotes","RFA",456,24,"LW","DET",36,6,6,12,2,14,1.4,5,1,0,1,4,2,0,65,9.2,416,11.56666667,8,5,0,1,0,0,0,2016,1,"Arizona Coyotes","RFA",553,23,"LW","DET",31,5,3,8,5,10,1.1,4,1,0,2,2,1,0,67,7.5,356,11.48333333,4,3,0,0,0,0,0,2015,1,"Arizona Coyotes","RFA",3,1,-3,0,-4,0,-10,"0",0.312820512820513
"Thomas Hickey",350,27,"D","NYI",76,4,16,20,-1,35,3.2,4,0,0,2,13,3,0,87,4.6,1331,17.51666667,103,89,0,0,0,0,0,2017,1,"New York Islanders","2200000",365,26,"D","NYI",62,6,12,18,9,30,4.4,6,0,0,2,11,0,0,55,10.9,1079,17.4,90,65,0,0,0,0,0,2016,1,"New York Islanders","2200000",335,25,"D","NYI",81,2,20,22,-12,26,2.4,2,0,0,1,18,0,2,82,2.4,1533,18.93333333,136,117,1,1,50,0,0,2015,1,"New York Islanders","2200000",-8,4,21,0,-10,0,2,"0",0.138888888888889
"Tim Schaller",432,26,"C","BOS",59,7,7,14,-6,23,1.1,7,0,0,2,7,0,0,89,7.9,724,12.26666667,38,73,28,29,49.1,0,0,2017,1,"Boston Bruins","RFA",673,25,"C","BUF",17,1,2,3,3,2,0.4,0,0,1,1,2,0,0,18,5.6,142,8.316666667,9,13,40,73,35.4,0,0,2016,1,"Boston Bruins","RFA",696,24,"C","BUF",18,1,1,2,-5,2,-0.2,1,0,0,0,1,0,0,19,5.3,204,11.35,14,44,74,112,39.8,0,0,2015,1,"Boston Bruins","RFA",1,0,8,0,-9,0,11,"0",0.142045454545455
"Tomas Plekanec",266,34,"C","MTL",78,10,18,28,10,24,2.4,5,3,2,3,14,4,0,139,7.2,1312,16.81666667,45,57,692,660,51.2,0,0,2017,1,"Montreal Canadiens","6000000",68,33,"C","MTL",82,14,40,54,4,36,5.2,13,1,0,1,28,12,0,189,7.4,1520,18.53333333,46,60,804,811,49.8,0,0,2016,1,"Montreal Canadiens","6000000",50,32,"C","MTL",82,26,34,60,8,46,7.5,16,7,3,5,24,9,1,248,10.5,1571,19.15,55,47,777,771,50.2,0,0,2015,1,"Montreal Canadiens","6000000",6,-12,-4,1,6,0,-26,"1",0.355421686746988
"Torrey Mitchell",381,32,"C","MTL",78,8,9,17,5,38,1.3,8,0,0,1,9,0,0,68,11.8,983,12.6,56,47,410,342,54.5,0,0,2017,1,"Montreal Canadiens","1200000",342,31,"C","MTL",71,11,8,19,2,51,1.9,10,0,1,3,6,0,2,69,15.9,901,12.68333333,38,67,370,347,51.6,0,0,2016,1,"Montreal Canadiens","1200000",440,30,"C","TOT",65,6,8,14,-8,34,0.5,6,0,0,2,8,0,0,55,10.9,923,14.2,61,58,399,415,49,0,0,2015,1,"Montreal Canadiens","1200000",0,5,10,1,3,0,-2,"1",0.183431952662722
"Trevor Lewis",302,30,"C","LAK",82,12,12,24,-6,30,2.2,11,1,0,3,11,1,0,145,8.3,1170,14.26666667,30,174,44,66,40,0,0,2017,1,"Los Angeles Kings","2000000",390,29,"C","LAK",75,8,8,16,-10,20,0.4,7,0,1,1,7,1,0,167,4.8,1092,14.56666667,28,168,103,154,40.1,0,0,2016,1,"Los Angeles Kings","2000000",291,28,"C","LAK",73,9,16,25,8,14,2.5,8,0,1,2,16,0,0,143,6.3,1030,14.1,17,189,66,98,40.2,0,0,2015,1,"Los Angeles Kings","2000000",-8,-1,-18,1,4,1,8,"1",0.827027027027027
"Troy Brouwer",289,31,"RW","CGY",74,13,12,25,-11,31,1.7,7,5,1,2,5,6,1,86,15.1,1200,16.21666667,39,171,20,44,31.3,0,0,2017,1,"Calgary Flames","4500000",165,30,"RW","STL",82,18,21,39,2,62,4.3,11,7,0,4,18,3,0,142,12.7,1394,17,52,200,65,49,57,0,0,2016,1,"Calgary Flames","4500000",129,29,"RW","WSH",82,21,22,43,11,53,5.2,11,8,2,3,16,6,0,145,14.5,1437,17.51666667,39,206,251,190,56.9,0,0,2015,1,"Calgary Flames","4500000",-1,-3,-9,0,-13,0,-14,"0",0.539267015706806
"Ty Rattie",718,23,"RW","TOT",9,0,2,2,-2,0,0,0,0,0,0,2,0,0,10,0,97,10.73333333,4,10,0,0,0,0,0,2017,1,"St. Louis Blues","RFA",578,22,"RW","STL",13,4,2,6,1,4,1,4,0,0,0,2,0,0,16,25,121,9.283333333,2,6,0,0,0,0,0,2016,1,"St. Louis Blues","RFA",705,21,"RW","STL",11,0,2,2,0,2,0.1,0,0,0,0,2,0,0,8,0,100,9.1,4,15,0,0,0,0,0,2015,1,"St. Louis Blues","RFA",0,4,1,0,-3,0,-4,"0",0.467005076142132
"Tyler Gaudet",748,23,"C","ARI",4,0,1,1,0,0,0,0,0,0,0,1,0,0,3,0,52,12.98333333,1,3,14,21,40,0,0,2017,1,"Arizona Coyotes","RFA",666,22,"C","ARI",14,1,2,3,-2,0,0.1,1,0,0,0,2,0,0,6,16.7,148,10.6,4,23,43,49,46.7,0,0,2016,1,"Arizona Coyotes","RFA",816,21,"C","ARI",2,0,0,0,-1,0,-0.1,0,0,0,0,0,0,0,1,0,19,9.583333333,1,2,9,8,52.9,0,0,2015,1,"Arizona Coyotes","RFA",2,1,-1,1,2,0,-2,"1",0.258536585365854
"Tyler Graovac",524,23,"C","MIN",52,7,2,9,7,10,1.1,7,0,0,2,2,0,0,48,14.6,512,9.833333333,15,52,163,180,47.5,0,0,2017,1,"Minnesota Wild","625000",814,22,"C","MIN",2,0,0,0,-1,0,-0.1,0,0,0,0,0,0,0,2,0,23,11.61666667,0,1,13,6,68.4,0,0,2016,1,"Minnesota Wild","625000",819,21,"C","MIN",3,0,0,0,0,0,0,0,0,0,0,0,0,0,4,0,28,9.216666667,2,0,6,16,27.3,0,0,2015,1,"Minnesota Wild","625000",0,0,-1,1,8,1,9,"1",0.437810945273632
"Tyler Wotherspoon",887,23,"D","CGY",4,0,0,0,-2,0,-0.1,0,0,0,0,0,0,0,4,0,44,10.9,2,3,0,0,0,0,0,2017,1,"Calgary Flames","RFA",782,22,"D","CGY",11,0,1,1,0,0,0.2,0,0,0,0,1,0,0,9,0,156,14.16666667,16,14,0,0,0,0,0,2016,1,"Calgary Flames","RFA",880,21,"D","CGY",1,0,0,0,-3,0,-0.2,0,0,0,0,0,0,0,1,0,20,20.31666667,4,0,0,0,0,0,0,2015,1,"Calgary Flames","RFA",1,0,3,0,-2,0,-1,"0",0.421621621621622
"William Karlsson",296,24,"C","CBJ",81,6,19,25,10,10,2,5,1,0,3,17,0,2,96,6.3,1084,13.38333333,24,35,435,525,45.3,0,0,2017,1,"Columbus Blue Jackets","1000000",333,23,"C","CBJ",81,9,11,20,-9,6,0.9,9,0,0,1,11,0,0,108,8.3,1172,14.46666667,48,40,416,495,45.7,0,0,2016,1,"Columbus Blue Jackets","1000000",614,22,"C","TOT",21,3,2,5,3,0,0.6,3,0,0,1,1,1,0,29,10.3,257,12.23333333,7,18,93,104,47.2,0,0,2015,1,"Columbus Blue Jackets","1000000",9,6,-12,1,19,1,5,"1",0.590163934426229
"Xavier Ouellet",485,23,"D","DET",66,3,9,12,2,51,3.2,3,0,0,0,9,0,0,89,3.4,1186,17.96666667,87,73,0,2,0,0,0,2017,1,"Detroit Red Wings","RFA",771,22,"D","DET",5,0,1,1,-2,2,0,0,0,0,0,1,0,0,4,0,81,16.25,3,5,0,0,0,0,0,2016,1,"Detroit Red Wings","RFA",657,21,"D","DET",21,2,1,3,4,2,1.2,2,0,0,0,1,0,0,27,7.4,344,16.38333333,13,11,0,0,0,0,0,2015,1,"Detroit Red Wings","RFA",0,-2,-6,1,4,0,11,"1",0.296482412060302
"Yannick Weber",561,28,"D","NSH",73,1,7,8,1,25,1.7,1,0,0,1,7,0,0,72,1.4,870,11.91666667,53,72,0,0,0,0,0,2017,1,"Nashville Predators","650000",573,27,"D","VAN",45,0,7,7,-17,24,0.4,0,0,0,0,2,5,0,65,0,847,18.83333333,37,49,0,0,0,0,0,2016,1,"Nashville Predators","650000",338,26,"D","VAN",65,11,10,21,4,30,4.8,6,5,0,1,7,3,0,117,9.4,1117,17.18333333,62,66,0,0,0,0,0,2015,1,"Nashville Predators","650000",-3,-11,-21,1,18,1,1,"1",0.976608187134503
"Zac Dalpe",677,27,"C","MIN",9,1,2,3,0,9,0.3,1,0,0,0,2,0,0,8,12.5,77,8.55,5,5,27,32,45.8,0,0,2017,1,"Columbus Blue Jackets","725000",731,26,"C","MIN",2,1,0,1,0,0,0.2,1,0,0,0,0,0,0,3,33.3,21,10.25,0,3,11,6,64.7,0,0,2016,1,"Columbus Blue Jackets","725000",663,25,"C","BUF",21,1,2,3,-11,4,-0.3,1,0,0,0,2,0,0,29,3.4,195,9.283333333,8,15,20,13,60.6,0,0,2015,1,"Columbus Blue Jackets","725000",-2,0,11,0,0,0,2,"0",0.582474226804124
"Zach Bogosian",498,26,"D","BUF",56,2,9,11,-17,46,1.4,2,0,0,1,8,1,0,73,2.7,1125,20.08333333,97,59,0,1,0,0,0,2017,1,"Buffalo Sabres","5142857",295,25,"D","BUF",64,7,17,24,-11,68,4.5,4,3,0,1,13,3,1,121,5.8,1430,22.35,98,86,0,0,0,0,0,2016,1,"Buffalo Sabres","5142857",365,24,"D","TOT",62,3,17,20,-6,78,3.5,3,0,0,0,15,2,0,125,2.4,1469,23.68333333,90,189,0,0,0,0,0,2015,1,"Buffalo Sabres","5142857",0,4,-5,0,-6,0,-13,"0",0.95
"Zach Redmond",631,28,"D","MTL",16,0,5,5,6,2,1.2,0,0,0,0,5,0,0,12,0,197,12.31666667,13,25,0,0,0,0,0,2017,1,"Montreal Canadiens","612500",588,27,"D","COL",37,2,4,6,5,10,1.7,1,1,0,0,4,0,0,22,9.1,436,11.78333333,39,47,0,0,0,0,0,2016,1,"Montreal Canadiens","612500",360,26,"D","COL",59,5,15,20,-1,24,3.7,4,1,0,1,10,5,0,93,5.4,1012,17.15,76,59,0,0,0,0,0,2015,1,"Montreal Canadiens","612500",-11,-3,6,1,1,1,-1,"1",0.0276243093922652
